Workbook

Sheet Calculo1Vida
A1: DEMONSTRATIVO DE CÁLCULO
N3: Corr. monet. | O3: 45454
N4: Índice TJSP | O4: 100.83083
A6: Plano de saúde | C6: Cassi | F6: Categoria | M6: Tipo | N6: Coletivo por Adesão
A7: Mês aniv. cont. | C7: Novembro | F7: Vigência | G7: 43433
A9: OBJETO | C9: Reajuste por Sinistralidade
A11: Nome | C11: Gislane Kuke | H11: Data Nasc. | I11: 21985
A12: Ano | B12: Mês | C12: Valor pago | D12: Reaj. aplic. | E12: Idade | F12: Tipo reaj. | G12: Reaj. devido | H12: Valor devido | I12: Extra Pago | J12: Extra devido | K12: TOTAL PAGO | L12: TOTAL DEVIDO | M12: Diferença | N12: Índ corr monet | O12: Diferença corrigida
A13: 2004 | B13: 37987 | D13: 0 | E13: =IF(DAY(I$11)=0,"",IF(MONTH(I$11)<>MONTH($B13),"",YEAR($B13)-YEAR(I$11))) | G13: 0 | H13: =C13 -> 0 | K13: =C13+I13 -> 0 | L13: =H13+J13 -> 0 | N13: 31.052744
B14: 38018 | D14: =((C14/C13)-1) -> #DIV/0! | E14: =IF(DAY(I$11)=0,"",IF(MONTH(I$11)<>MONTH($B14),"",YEAR($B14)-YEAR(I$11))) | G14: 0 | H14: =H13*(1+G14) -> 0 | K14: =C14+I14 -> 0 | L14: =H14+J14 -> 0 | N14: 31.310481
B15: 38047 | D15: =((C15/C14)-1) -> #DIV/0! | E15: =IF(DAY(I$11)=0,"",IF(MONTH(I$11)<>MONTH($B15),"",YEAR($B15)-YEAR(I$11))) -> 44 | G15: 0 | H15: =H14*(1+G15) -> 0 | K15: =C15+I15 -> 0 | L15: =H15+J15 -> 0 | N15: 31.432591
B16: 38078 | D16: =((C16/C15)-1) -> #DIV/0! | E16: =IF(DAY(I$11)=0,"",IF(MONTH(I$11)<>MONTH($B16),"",YEAR($B16)-YEAR(I$11))) | G16: 0 | H16: =H15*(1+G16) -> 0 | K16: =C16+I16 -> 0 | L16: =H16+J16 -> 0 | N16: 31.611756
B17: 38108 | D17: =((C17/C16)-1) -> #DIV/0! | E17: =IF(DAY(I$11)=0,"",IF(MONTH(I$11)<>MONTH($B17),"",YEAR($B17)-YEAR(I$11))) | G17: 0 | H17: =H16*(1+G17) -> 0 | K17: =C17+I17 -> 0 | L17: =H17+J17 -> 0 | N17: 31.741364
B18: 38139 | D18: =((C18/C17)-1) -> #DIV/0! | E18: =IF(DAY(I$11)=0,"",IF(MONTH(I$11)<>MONTH($B18),"",YEAR($B18)-YEAR(I$11))) | G18: 0 | H18: =H17*(1+G18) -> 0 | K18: =C18+I18 -> 0 | L18: =H18+J18 -> 0 | N18: 31.868329
B19: 38169 | D19: =((C19/C18)-1) -> #DIV/0! | E19: =IF(DAY(I$11)=0,"",IF(MONTH(I$11)<>MONTH($B19),"",YEAR($B19)-YEAR(I$11))) | F19: Anual | G19: 0.11749877 | H19: =H18*(1+G19) -> 0 | K19: =C19+I19 -> 0 | L19: =H19+J19 -> 0 | N19: 32.02767
B20: 38200 | D20: =((C20/C19)-1) -> #DIV/0! | E20: =IF(DAY(I$11)=0,"",IF(MONTH(I$11)<>MONTH($B20),"",YEAR($B20)-YEAR(I$11))) | G20: 0 | H20: =H19*(1+G20) -> 0 | K20: =C20+I20 -> 0 | L20: =H20+J20 -> 0 | N20: 32.261471
B21: 38231 | D21: =((C21/C20)-1) -> #DIV/0! | E21: =IF(DAY(I$11)=0,"",IF(MONTH(I$11)<>MONTH($B21),"",YEAR($B21)-YEAR(I$11))) | G21: 0 | H21: =H20*(1+G21) -> 0 | K21: =C21+I21 -> 0 | L21: =H21+J21 -> 0 | N21: 32.422778
B22: 38261 | D22: =((C22/C21)-1) -> #DIV/0! | E22: =IF(DAY(I$11)=0,"",IF(MONTH(I$11)<>MONTH($B22),"",YEAR($B22)-YEAR(I$11))) | G22: 0 | H22: =H21*(1+G22) -> 0 | K22: =C22+I22 -> 0 | L22: =H22+J22 -> 0 | N22: 32.477896
B23: 38292 | D23: =((C23/C22)-1) -> #DIV/0! | E23: =IF(DAY(I$11)=0,"",IF(MONTH(I$11)<>MONTH($B23),"",YEAR($B23)-YEAR(I$11))) | G23: 0 | H23: =H22*(1+G23) -> 0 | K23: =C23+I23 -> 0 | L23: =H23+J23 -> 0 | N23: 32.533108
B24: 38322 | D24: =((C24/C23)-1) -> #DIV/0! | E24: =IF(DAY(I$11)=0,"",IF(MONTH(I$11)<>MONTH($B24),"",YEAR($B24)-YEAR(I$11))) | G24: 0 | H24: =H23*(1+G24) -> 0 | K24: =C24+I24 -> 0 | L24: =H24+J24 -> 0 | N24: 32.676253
A25: 2005 | B25: 38353 | D25: =((C25/C24)-1) -> #DIV/0! | E25: =IF(DAY(I$11)=0,"",IF(MONTH(I$11)<>MONTH($B25),"",YEAR($B25)-YEAR(I$11))) | G25: 0 | H25: =H24*(1+G25) -> 0 | K25: =C25+I25 -> 0 | L25: =H25+J25 -> 0 | N25: 32.957268
B26: 38384 | D26: =((C26/C25)-1) -> #DIV/0! | E26: =IF(DAY(I$11)=0,"",IF(MONTH(I$11)<>MONTH($B26),"",YEAR($B26)-YEAR(I$11))) | G26: 0 | H26: =H25*(1+G26) -> 0 | K26: =C26+I26 -> 0 | L26: =H26+J26 -> 0 | N26: 33.145124
B27: 38412 | D27: =((C27/C26)-1) -> #DIV/0! | E27: =IF(DAY(I$11)=0,"",IF(MONTH(I$11)<>MONTH($B27),"",YEAR($B27)-YEAR(I$11))) -> 45 | G27: 0 | H27: =H26*(1+G27) -> 0 | K27: =C27+I27 -> 0 | L27: =H27+J27 -> 0 | N27: 33.290962
B28: 38443 | D28: =((C28/C27)-1) -> #DIV/0! | E28: =IF(DAY(I$11)=0,"",IF(MONTH(I$11)<>MONTH($B28),"",YEAR($B28)-YEAR(I$11))) | G28: 0 | H28: =H27*(1+G28) -> 0 | K28: =C28+I28 -> 0 | L28: =H28+J28 -> 0 | N28: 33.533986
B29: 38473 | D29: =((C29/C28)-1) -> #DIV/0! | E29: =IF(DAY(I$11)=0,"",IF(MONTH(I$11)<>MONTH($B29),"",YEAR($B29)-YEAR(I$11))) | G29: 0 | H29: =H28*(1+G29) -> 0 | K29: =C29+I29 -> 0 | L29: =H29+J29 -> 0 | N29: 33.839145
B30: 38504 | D30: =((C30/C29)-1) -> #DIV/0! | E30: =IF(DAY(I$11)=0,"",IF(MONTH(I$11)<>MONTH($B30),"",YEAR($B30)-YEAR(I$11))) | G30: 0 | H30: =H29*(1+G30) -> 0 | K30: =C30+I30 -> 0 | L30: =H30+J30 -> 0 | N30: 34.076019
B31: 38534 | D31: =((C31/C30)-1) -> #DIV/0! | E31: =IF(DAY(I$11)=0,"",IF(MONTH(I$11)<>MONTH($B31),"",YEAR($B31)-YEAR(I$11))) | F31: Anual | G31: 0.1169 | H31: =H30*(1+G31) -> 0 | K31: =C31+I31 -> 0 | L31: =H31+J31 -> 0 | N31: 34.038535
B32: 38565 | D32: =((C32/C31)-1) -> #DIV/0! | E32: =IF(DAY(I$11)=0,"",IF(MONTH(I$11)<>MONTH($B32),"",YEAR($B32)-YEAR(I$11))) | G32: 0 | H32: =H31*(1+G32) -> 0 | K32: =C32+I32 -> 0 | L32: =H32+J32 -> 0 | N32: 34.048746
B33: 38596 | D33: =((C33/C32)-1) -> #DIV/0! | E33: =IF(DAY(I$11)=0,"",IF(MONTH(I$11)<>MONTH($B33),"",YEAR($B33)-YEAR(I$11))) | G33: 0 | H33: =H32*(1+G33) -> 0 | K33: =C33+I33 -> 0 | L33: =H33+J33 -> 0 | N33: 34.048746
B34: 38626 | D34: =((C34/C33)-1) -> #DIV/0! | E34: =IF(DAY(I$11)=0,"",IF(MONTH(I$11)<>MONTH($B34),"",YEAR($B34)-YEAR(I$11))) | G34: 0 | H34: =H33*(1+G34) -> 0 | K34: =C34+I34 -> 0 | L34: =H34+J34 -> 0 | N34: 34.099819
B35: 38657 | D35: =((C35/C34)-1) -> #DIV/0! | E35: =IF(DAY(I$11)=0,"",IF(MONTH(I$11)<>MONTH($B35),"",YEAR($B35)-YEAR(I$11))) | G35: 0 | H35: =H34*(1+G35) -> 0 | K35: =C35+I35 -> 0 | L35: =H35+J35 -> 0 | N35: 34.297597
B36: 38687 | D36: =((C36/C35)-1) -> #DIV/0! | E36: =IF(DAY(I$11)=0,"",IF(MONTH(I$11)<>MONTH($B36),"",YEAR($B36)-YEAR(I$11))) | G36: 0 | H36: =H35*(1+G36) -> 0 | K36: =C36+I36 -> 0 | L36: =H36+J36 -> 0 | N36: 34.482804
A37: 2006 | B37: 38718 | D37: =((C37/C36)-1) -> #DIV/0! | E37: =IF(DAY(I$11)=0,"",IF(MONTH(I$11)<>MONTH($B37),"",YEAR($B37)-YEAR(I$11))) | G37: 0 | H37: =H36*(1+G37) -> 0 | K37: =C37+I37 -> 0 | L37: =H37+J37 -> 0 | N37: 34.620735
B38: 38749 | D38: =((C38/C37)-1) -> #DIV/0! | E38: =IF(DAY(I$11)=0,"",IF(MONTH(I$11)<>MONTH($B38),"",YEAR($B38)-YEAR(I$11))) | G38: 0 | H38: =H37*(1+G38) -> 0 | K38: =C38+I38 -> 0 | L38: =H38+J38 -> 0 | N38: 34.752293
B39: 38777 | D39: =((C39/C38)-1) -> #DIV/0! | E39: =IF(DAY(I$11)=0,"",IF(MONTH(I$11)<>MONTH($B39),"",YEAR($B39)-YEAR(I$11))) -> 46 | G39: 0 | H39: =H38*(1+G39) -> 0 | K39: =C39+I39 -> 0 | L39: =H39+J39 -> 0 | N39: 34.832223
B40: 38808 | D40: =((C40/C39)-1) -> #DIV/0! | E40: =IF(DAY(I$11)=0,"",IF(MONTH(I$11)<>MONTH($B40),"",YEAR($B40)-YEAR(I$11))) | G40: 0 | H40: =H39*(1+G40) -> 0 | K40: =C40+I40 -> 0 | L40: =H40+J40 -> 0 | N40: 34.92627
B41: 38838 | D41: =((C41/C40)-1) -> #DIV/0! | E41: =IF(DAY(I$11)=0,"",IF(MONTH(I$11)<>MONTH($B41),"",YEAR($B41)-YEAR(I$11))) | G41: 0 | H41: =H40*(1+G41) -> 0 | K41: =C41+I41 -> 0 | L41: =H41+J41 -> 0 | N41: 34.968181
B42: 38869 | D42: =((C42/C41)-1) -> #DIV/0! | E42: =IF(DAY(I$11)=0,"",IF(MONTH(I$11)<>MONTH($B42),"",YEAR($B42)-YEAR(I$11))) | G42: 0 | H42: =H41*(1+G42) -> 0 | K42: =C42+I42 -> 0 | L42: =H42+J42 -> 0 | N42: 35.013639
B43: 38899 | D43: =((C43/C42)-1) -> #DIV/0! | E43: =IF(DAY(I$11)=0,"",IF(MONTH(I$11)<>MONTH($B43),"",YEAR($B43)-YEAR(I$11))) | F43: Anual | G43: 0.0889 | H43: =H42*(1+G43) -> 0 | K43: =C43+I43 -> 0 | L43: =H43+J43 -> 0 | N43: 34.989129
B44: 38930 | D44: =((C44/C43)-1) -> #DIV/0! | E44: =IF(DAY(I$11)=0,"",IF(MONTH(I$11)<>MONTH($B44),"",YEAR($B44)-YEAR(I$11))) | G44: 0 | H44: =H43*(1+G44) -> 0 | K44: =C44+I44 -> 0 | L44: =H44+J44 -> 0 | N44: 35.027617
B45: 38961 | D45: =((C45/C44)-1) -> #DIV/0! | E45: =IF(DAY(I$11)=0,"",IF(MONTH(I$11)<>MONTH($B45),"",YEAR($B45)-YEAR(I$11))) | G45: 0 | H45: =H44*(1+G45) -> 0 | K45: =C45+I45 -> 0 | L45: =H45+J45 -> 0 | N45: 35.020611
B46: 38991 | D46: =((C46/C45)-1) -> #DIV/0! | E46: =IF(DAY(I$11)=0,"",IF(MONTH(I$11)<>MONTH($B46),"",YEAR($B46)-YEAR(I$11))) | G46: 0 | H46: =H45*(1+G46) -> 0 | K46: =C46+I46 -> 0 | L46: =H46+J46 -> 0 | N46: 35.076643
B47: 39022 | D47: =((C47/C46)-1) -> #DIV/0! | E47: =IF(DAY(I$11)=0,"",IF(MONTH(I$11)<>MONTH($B47),"",YEAR($B47)-YEAR(I$11))) | G47: 0 | H47: =H46*(1+G47) -> 0 | K47: =C47+I47 -> 0 | L47: =H47+J47 -> 0 | N47: 35.227472
B48: 39052 | D48: =((C48/C47)-1) -> #DIV/0! | E48: =IF(DAY(I$11)=0,"",IF(MONTH(I$11)<>MONTH($B48),"",YEAR($B48)-YEAR(I$11))) | G48: 0 | H48: =H47*(1+G48) -> 0 | K48: =C48+I48 -> 0 | L48: =H48+J48 -> 0 | N48: 35.375427
A49: 2007 | B49: 39083 | D49: =((C49/C48)-1) -> #DIV/0! | E49: =IF(DAY(I$11)=0,"",IF(MONTH(I$11)<>MONTH($B49),"",YEAR($B49)-YEAR(I$11))) | G49: 0 | H49: =H48*(1+G49) -> 0 | K49: =C49+I49 -> 0 | L49: =H49+J49 -> 0 | N49: 35.594754
B50: 39114 | D50: =((C50/C49)-1) -> #DIV/0! | E50: =IF(DAY(I$11)=0,"",IF(MONTH(I$11)<>MONTH($B50),"",YEAR($B50)-YEAR(I$11))) | G50: 0 | H50: =H49*(1+G50) -> 0 | K50: =C50+I50 -> 0 | L50: =H50+J50 -> 0 | N50: 35.769168
B51: 39142 | D51: =((C51/C50)-1) -> #DIV/0! | E51: =IF(DAY(I$11)=0,"",IF(MONTH(I$11)<>MONTH($B51),"",YEAR($B51)-YEAR(I$11))) -> 47 | G51: 0 | H51: =H50*(1+G51) -> 0 | K51: =C51+I51 -> 0 | L51: =H51+J51 -> 0 | N51: 35.919398
B52: 39173 | D52: =((C52/C51)-1) -> #DIV/0! | E52: =IF(DAY(I$11)=0,"",IF(MONTH(I$11)<>MONTH($B52),"",YEAR($B52)-YEAR(I$11))) | G52: 0 | H52: =H51*(1+G52) -> 0 | K52: =C52+I52 -> 0 | L52: =H52+J52 -> 0 | N52: 36.077443
B53: 39203 | D53: =((C53/C52)-1) -> #DIV/0! | E53: =IF(DAY(I$11)=0,"",IF(MONTH(I$11)<>MONTH($B53),"",YEAR($B53)-YEAR(I$11))) | G53: 0 | H53: =H52*(1+G53) -> 0 | K53: =C53+I53 -> 0 | L53: =H53+J53 -> 0 | N53: 36.171244
B54: 39234 | D54: =((C54/C53)-1) -> #DIV/0! | E54: =IF(DAY(I$11)=0,"",IF(MONTH(I$11)<>MONTH($B54),"",YEAR($B54)-YEAR(I$11))) | G54: 0 | H54: =H53*(1+G54) -> 0 | K54: =C54+I54 -> 0 | L54: =H54+J54 -> 0 | N54: 36.265289
B55: 39264 | D55: =((C55/C54)-1) -> #DIV/0! | E55: =IF(DAY(I$11)=0,"",IF(MONTH(I$11)<>MONTH($B55),"",YEAR($B55)-YEAR(I$11))) | F55: Anual | G55: 0.0576 | H55: =H54*(1+G55) -> 0 | K55: =C55+I55 -> 0 | L55: =H55+J55 -> 0 | N55: 36.377711
B56: 39295 | D56: =((C56/C55)-1) -> #DIV/0! | E56: =IF(DAY(I$11)=0,"",IF(MONTH(I$11)<>MONTH($B56),"",YEAR($B56)-YEAR(I$11))) | G56: 0 | H56: =H55*(1+G56) -> 0 | K56: =C56+I56 -> 0 | L56: =H56+J56 -> 0 | N56: 36.494119
B57: 39326 | D57: =((C57/C56)-1) -> #DIV/0! | E57: =IF(DAY(I$11)=0,"",IF(MONTH(I$11)<>MONTH($B57),"",YEAR($B57)-YEAR(I$11))) | G57: 0 | H57: =H56*(1+G57) -> 0 | K57: =C57+I57 -> 0 | L57: =H57+J57 -> 0 | N57: 36.709434
B58: 39356 | D58: =((C58/C57)-1) -> #DIV/0! | E58: =IF(DAY(I$11)=0,"",IF(MONTH(I$11)<>MONTH($B58),"",YEAR($B58)-YEAR(I$11))) | G58: 0 | H58: =H57*(1+G58) -> 0 | K58: =C58+I58 -> 0 | L58: =H58+J58 -> 0 | N58: 36.801207
B59: 39387 | D59: =((C59/C58)-1) -> #DIV/0! | E59: =IF(DAY(I$11)=0,"",IF(MONTH(I$11)<>MONTH($B59),"",YEAR($B59)-YEAR(I$11))) | G59: 0 | H59: =H58*(1+G59) -> 0 | K59: =C59+I59 -> 0 | L59: =H59+J59 -> 0 | N59: 36.91161
B60: 39417 | D60: =((C60/C59)-1) -> #DIV/0! | E60: =IF(DAY(I$11)=0,"",IF(MONTH(I$11)<>MONTH($B60),"",YEAR($B60)-YEAR(I$11))) | G60: 0 | H60: =H59*(1+G60) -> 0 | K60: =C60+I60 -> 0 | L60: =H60+J60 -> 0 | N60: 37.070329
A61: 2008 | B61: 39448 | D61: =((C61/C60)-1) -> #DIV/0! | E61: =IF(DAY(I$11)=0,"",IF(MONTH(I$11)<>MONTH($B61),"",YEAR($B61)-YEAR(I$11))) | G61: 0 | H61: =H60*(1+G61) -> 0 | K61: =C61+I61 -> 0 | L61: =H61+J61 -> 0 | N61: 37.429911
B62: 39479 | D62: =((C62/C61)-1) -> #DIV/0! | E62: =IF(DAY(I$11)=0,"",IF(MONTH(I$11)<>MONTH($B62),"",YEAR($B62)-YEAR(I$11))) | G62: 0 | H62: =H61*(1+G62) -> 0 | K62: =C62+I62 -> 0 | L62: =H62+J62 -> 0 | N62: 37.688177
B63: 39508 | D63: =((C63/C62)-1) -> #DIV/0! | E63: =IF(DAY(I$11)=0,"",IF(MONTH(I$11)<>MONTH($B63),"",YEAR($B63)-YEAR(I$11))) -> 48 | G63: 0 | H63: =H62*(1+G63) -> 0 | K63: =C63+I63 -> 0 | L63: =H63+J63 -> 0 | N63: 37.86908
B64: 39539 | D64: =((C64/C63)-1) -> #DIV/0! | E64: =IF(DAY(I$11)=0,"",IF(MONTH(I$11)<>MONTH($B64),"",YEAR($B64)-YEAR(I$11))) | G64: 0 | H64: =H63*(1+G64) -> 0 | K64: =C64+I64 -> 0 | L64: =H64+J64 -> 0 | N64: 38.062212
B65: 39569 | D65: =((C65/C64)-1) -> #DIV/0! | E65: =IF(DAY(I$11)=0,"",IF(MONTH(I$11)<>MONTH($B65),"",YEAR($B65)-YEAR(I$11))) | G65: 0 | H65: =H64*(1+G65) -> 0 | K65: =C65+I65 -> 0 | L65: =H65+J65 -> 0 | N65: 38.30581
B66: 39600 | D66: =((C66/C65)-1) -> #DIV/0! | E66: =IF(DAY(I$11)=0,"",IF(MONTH(I$11)<>MONTH($B66),"",YEAR($B66)-YEAR(I$11))) | G66: 0 | H66: =H65*(1+G66) -> 0 | K66: =C66+I66 -> 0 | L66: =H66+J66 -> 0 | N66: 38.673545
B67: 39630 | D67: =((C67/C66)-1) -> #DIV/0! | E67: =IF(DAY(I$11)=0,"",IF(MONTH(I$11)<>MONTH($B67),"",YEAR($B67)-YEAR(I$11))) | F67: Anual | G67: 0.0548 | H67: =H66*(1+G67) -> 0 | K67: =C67+I67 -> 0 | L67: =H67+J67 -> 0 | N67: 39.025474
B68: 39661 | D68: =((C68/C67)-1) -> #DIV/0! | E68: =IF(DAY(I$11)=0,"",IF(MONTH(I$11)<>MONTH($B68),"",YEAR($B68)-YEAR(I$11))) | G68: 0 | H68: =H67*(1+G68) -> 0 | K68: =C68+I68 -> 0 | L68: =H68+J68 -> 0 | N68: 39.251821
B69: 39692 | D69: =((C69/C68)-1) -> #DIV/0! | E69: =IF(DAY(I$11)=0,"",IF(MONTH(I$11)<>MONTH($B69),"",YEAR($B69)-YEAR(I$11))) | G69: 0 | H69: =H68*(1+G69) -> 0 | K69: =C69+I69 -> 0 | L69: =H69+J69 -> 0 | N69: 39.334249
B70: 39722 | D70: =((C70/C69)-1) -> #DIV/0! | E70: =IF(DAY(I$11)=0,"",IF(MONTH(I$11)<>MONTH($B70),"",YEAR($B70)-YEAR(I$11))) | G70: 0 | H70: =H69*(1+G70) -> 0 | K70: =C70+I70 -> 0 | L70: =H70+J70 -> 0 | N70: 39.39325
B71: 39753 | D71: =((C71/C70)-1) -> #DIV/0! | E71: =IF(DAY(I$11)=0,"",IF(MONTH(I$11)<>MONTH($B71),"",YEAR($B71)-YEAR(I$11))) | G71: 0 | H71: =H70*(1+G71) -> 0 | K71: =C71+I71 -> 0 | L71: =H71+J71 -> 0 | N71: 39.590216
B72: 39783 | D72: =((C72/C71)-1) -> #DIV/0! | E72: =IF(DAY(I$11)=0,"",IF(MONTH(I$11)<>MONTH($B72),"",YEAR($B72)-YEAR(I$11))) | G72: 0 | H72: =H71*(1+G72) -> 0 | K72: =C72+I72 -> 0 | L72: =H72+J72 -> 0 | N72: 39.740658
A73: 2009 | B73: 39814 | D73: =((C73/C72)-1) -> #DIV/0! | E73: =IF(DAY(I$11)=0,"",IF(MONTH(I$11)<>MONTH($B73),"",YEAR($B73)-YEAR(I$11))) | G73: 0 | H73: =H72*(1+G73) -> 0 | N73: 39.855905
B74: 39845 | D74: =((C74/C73)-1) -> #DIV/0! | E74: =IF(DAY(I$11)=0,"",IF(MONTH(I$11)<>MONTH($B74),"",YEAR($B74)-YEAR(I$11))) | G74: 0 | H74: =H73*(1+G74) -> 0 | N74: 40.110982
B75: 39873 | D75: =((C75/C74)-1) -> #DIV/0! | E75: =IF(DAY(I$11)=0,"",IF(MONTH(I$11)<>MONTH($B75),"",YEAR($B75)-YEAR(I$11))) -> 49 | G75: 0 | H75: =H74*(1+G75) -> 0 | K75: =C75+I75 -> 0 | L75: =H75+J75 -> 0 | N75: 40.235326
B76: 39904 | D76: =((C76/C75)-1) -> #DIV/0! | E76: =IF(DAY(I$11)=0,"",IF(MONTH(I$11)<>MONTH($B76),"",YEAR($B76)-YEAR(I$11))) | G76: 0 | H76: =H75*(1+G76) -> 0 | K76: =C76+I76 -> 0 | L76: =H76+J76 -> 0 | N76: 40.315796
B77: 39934 | D77: =((C77/C76)-1) -> #DIV/0! | E77: =IF(DAY(I$11)=0,"",IF(MONTH(I$11)<>MONTH($B77),"",YEAR($B77)-YEAR(I$11))) | G77: 0 | H77: =H76*(1+G77) -> 0 | K77: =C77+I77 -> 0 | L77: =H77+J77 -> 0 | N77: 40.537532
B78: 39965 | D78: =((C78/C77)-1) -> #DIV/0! | E78: =IF(DAY(I$11)=0,"",IF(MONTH(I$11)<>MONTH($B78),"",YEAR($B78)-YEAR(I$11))) | G78: 0 | H78: =H77*(1+G78) -> 0 | K78: =C78+I78 -> 0 | L78: =H78+J78 -> 0 | N78: 40.780757
B79: 39995 | D79: =((C79/C78)-1) -> #DIV/0! | E79: =IF(DAY(I$11)=0,"",IF(MONTH(I$11)<>MONTH($B79),"",YEAR($B79)-YEAR(I$11))) | F79: Anual | G79: 0.0676 | H79: =H78*(1+G79) -> 0 | K79: =C79+I79 -> 0 | L79: =H79+J79 -> 0 | N79: 40.952036
B80: 40026 | D80: =((C80/C79)-1) -> #DIV/0! | E80: =IF(DAY(I$11)=0,"",IF(MONTH(I$11)<>MONTH($B80),"",YEAR($B80)-YEAR(I$11))) | G80: 0 | H80: =H79*(1+G80) -> 0 | K80: =C80+I80 -> 0 | L80: =H80+J80 -> 0 | N80: 41.046225
B81: 40057 | D81: =((C81/C80)-1) -> #DIV/0! | E81: =IF(DAY(I$11)=0,"",IF(MONTH(I$11)<>MONTH($B81),"",YEAR($B81)-YEAR(I$11))) | G81: 0 | H81: =H80*(1+G81) -> 0 | K81: =C81+I81 -> 0 | L81: =H81+J81 -> 0 | N81: 41.079061
B82: 40087 | D82: =((C82/C81)-1) -> #DIV/0! | E82: =IF(DAY(I$11)=0,"",IF(MONTH(I$11)<>MONTH($B82),"",YEAR($B82)-YEAR(I$11))) | G82: 0 | H82: =H81*(1+G82) -> 0 | K82: =C82+I82 -> 0 | L82: =H82+J82 -> 0 | N82: 41.144787
B83: 40118 | D83: =((C83/C82)-1) -> #DIV/0! | E83: =IF(DAY(I$11)=0,"",IF(MONTH(I$11)<>MONTH($B83),"",YEAR($B83)-YEAR(I$11))) | G83: 0 | H83: =H82*(1+G83) -> 0 | K83: =C83+I83 -> 0 | L83: =H83+J83 -> 0 | N83: 41.243534
B84: 40148 | D84: =((C84/C83)-1) -> #DIV/0! | E84: =IF(DAY(I$11)=0,"",IF(MONTH(I$11)<>MONTH($B84),"",YEAR($B84)-YEAR(I$11))) | G84: 0 | H84: =H83*(1+G84) -> 0 | K84: =C84+I84 -> 0 | L84: =H84+J84 -> 0 | N84: 41.396135
A85: 2010 | B85: 40179 | D85: =((C85/C84)-1) -> #DIV/0! | E85: =IF(DAY(I$11)=0,"",IF(MONTH(I$11)<>MONTH($B85),"",YEAR($B85)-YEAR(I$11))) | G85: 0 | H85: =H84*(1+G85) -> 0 | K85: =C85+I85 -> 0 | L85: =H85+J85 -> 0 | N85: 41.495485
B86: 40210 | D86: =((C86/C85)-1) -> #DIV/0! | E86: =IF(DAY(I$11)=0,"",IF(MONTH(I$11)<>MONTH($B86),"",YEAR($B86)-YEAR(I$11))) | G86: 0 | H86: =H85*(1+G86) -> 0 | K86: =C86+I86 -> 0 | L86: =H86+J86 -> 0 | N86: 41.860645
B87: 40238 | D87: =((C87/C86)-1) -> #DIV/0! | E87: =IF(DAY(I$11)=0,"",IF(MONTH(I$11)<>MONTH($B87),"",YEAR($B87)-YEAR(I$11))) -> 50 | G87: 0 | H87: =H86*(1+G87) -> 0 | K87: =C87+I87 -> 0 | L87: =H87+J87 -> 0 | N87: 42.153669
B88: 40269 | D88: =((C88/C87)-1) -> #DIV/0! | E88: =IF(DAY(I$11)=0,"",IF(MONTH(I$11)<>MONTH($B88),"",YEAR($B88)-YEAR(I$11))) | G88: 0 | H88: =H87*(1+G88) -> 0 | K88: =C88+I88 -> 0 | L88: =H88+J88 -> 0 | N88: 42.45296
B89: 40299 | D89: =((C89/C88)-1) -> #DIV/0! | E89: =IF(DAY(I$11)=0,"",IF(MONTH(I$11)<>MONTH($B89),"",YEAR($B89)-YEAR(I$11))) | G89: 0 | H89: =H88*(1+G89) -> 0 | K89: =C89+I89 -> 0 | L89: =H89+J89 -> 0 | N89: 42.762866
B90: 40330 | D90: =((C90/C89)-1) -> #DIV/0! | E90: =IF(DAY(I$11)=0,"",IF(MONTH(I$11)<>MONTH($B90),"",YEAR($B90)-YEAR(I$11))) | G90: 0 | H90: =H89*(1+G90) -> 0 | K90: =C90+I90 -> 0 | L90: =H90+J90 -> 0 | N90: 42.946746
B91: 40360 | D91: =((C91/C90)-1) -> #DIV/0! | E91: =IF(DAY(I$11)=0,"",IF(MONTH(I$11)<>MONTH($B91),"",YEAR($B91)-YEAR(I$11))) | F91: Anual | G91: 0.0673 | H91: =H90*(1+G91) -> 0 | K91: =C91+I91 -> 0 | L91: =H91+J91 -> 0 | N91: 42.899504
B92: 40391 | D92: =((C92/C91)-1) -> #DIV/0! | E92: =IF(DAY(I$11)=0,"",IF(MONTH(I$11)<>MONTH($B92),"",YEAR($B92)-YEAR(I$11))) | G92: 0 | H92: =H91*(1+G92) -> 0 | K92: =C92+I92 -> 0 | L92: =H92+J92 -> 0 | N92: 42.869474
B93: 40422 | D93: =((C93/C92)-1) -> #DIV/0! | E93: =IF(DAY(I$11)=0,"",IF(MONTH(I$11)<>MONTH($B93),"",YEAR($B93)-YEAR(I$11))) | G93: 0 | H93: =H92*(1+G93) -> 0 | K93: =C93+I93 -> 0 | L93: =H93+J93 -> 0 | N93: 42.839465
B94: 40452 | D94: =((C94/C93)-1) -> #DIV/0! | E94: =IF(DAY(I$11)=0,"",IF(MONTH(I$11)<>MONTH($B94),"",YEAR($B94)-YEAR(I$11))) | G94: 0 | H94: =H93*(1+G94) -> 0 | K94: =C94+I94 -> 0 | L94: =H94+J94 -> 0 | N94: 43.070798
B95: 40483 | D95: =((C95/C94)-1) -> #DIV/0! | E95: =IF(DAY(I$11)=0,"",IF(MONTH(I$11)<>MONTH($B95),"",YEAR($B95)-YEAR(I$11))) | G95: 0 | H95: =H94*(1+G95) -> 0 | K95: =C95+I95 -> 0 | L95: =H95+J95 -> 0 | N95: 43.467049
B96: 40513 | D96: =((C96/C95)-1) -> #DIV/0! | E96: =IF(DAY(I$11)=0,"",IF(MONTH(I$11)<>MONTH($B96),"",YEAR($B96)-YEAR(I$11))) | G96: 0 | H96: =H95*(1+G96) -> 0 | K96: =C96+I96 -> 0 | L96: =H96+J96 -> 0 | N96: 43.914759
A97: 2011 | B97: 40544 | D97: =((C97/C96)-1) -> #DIV/0! | E97: =IF(DAY(I$11)=0,"",IF(MONTH(I$11)<>MONTH($B97),"",YEAR($B97)-YEAR(I$11))) | G97: 0 | H97: =H96*(1+G97) -> 0 | K97: =C97+I97 -> 0 | L97: =H97+J97 -> 0 | N97: 44.178247
B98: 40575 | D98: =((C98/C97)-1) -> #DIV/0! | E98: =IF(DAY(I$11)=0,"",IF(MONTH(I$11)<>MONTH($B98),"",YEAR($B98)-YEAR(I$11))) | G98: 0 | H98: =H97*(1+G98) -> 0 | K98: =C98+I98 -> 0 | L98: =H98+J98 -> 0 | N98: 44.593522
B99: 40603 | D99: =((C99/C98)-1) -> #DIV/0! | E99: =IF(DAY(I$11)=0,"",IF(MONTH(I$11)<>MONTH($B99),"",YEAR($B99)-YEAR(I$11))) -> 51 | G99: 0 | H99: =H98*(1+G99) -> 0 | K99: =C99+I99 -> 0 | L99: =H99+J99 -> 0 | N99: 44.834327
B100: 40634 | D100: =((C100/C99)-1) -> #DIV/0! | E100: =IF(DAY(I$11)=0,"",IF(MONTH(I$11)<>MONTH($B100),"",YEAR($B100)-YEAR(I$11))) | G100: 0 | H100: =H99*(1+G100) -> 0 | K100: =C100+I100 -> 0 | L100: =H100+J100 -> 0 | N100: 45.130233
B101: 40664 | D101: =((C101/C100)-1) -> #DIV/0! | E101: =IF(DAY(I$11)=0,"",IF(MONTH(I$11)<>MONTH($B101),"",YEAR($B101)-YEAR(I$11))) | G101: 0 | H101: =H100*(1+G101) -> 0 | K101: =C101+I101 -> 0 | L101: =H101+J101 -> 0 | N101: 45.45517
B102: 40695 | D102: =((C102/C101)-1) -> #DIV/0! | E102: =IF(DAY(I$11)=0,"",IF(MONTH(I$11)<>MONTH($B102),"",YEAR($B102)-YEAR(I$11))) | G102: 0 | H102: =H101*(1+G102) -> 0 | K102: =C102+I102 -> 0 | L102: =H102+J102 -> 0 | N102: 45.714264
B103: 40725 | D103: =((C103/C102)-1) -> #DIV/0! | E103: =IF(DAY(I$11)=0,"",IF(MONTH(I$11)<>MONTH($B103),"",YEAR($B103)-YEAR(I$11))) | F103: Anual | G103: 0.0769 | H103: =H102*(1+G103) -> 0 | K103: =C103+I103 -> 0 | L103: =H103+J103 -> 0 | N103: 45.814835
B104: 40756 | D104: =((C104/C103)-1) -> #DIV/0! | E104: =IF(DAY(I$11)=0,"",IF(MONTH(I$11)<>MONTH($B104),"",YEAR($B104)-YEAR(I$11))) | G104: 0 | H104: =H103*(1+G104) -> 0 | K104: =C104+I104 -> 0 | L104: =H104+J104 -> 0 | N104: 45.814835
...

Sheet Calculo2Vidas
A1: DEMONSTRATIVO DE CÁLCULO
M3: Corr. monet. | N3: 45454
M4: Índice TJSP | N4: 100.83083
D6: Plano de saúde | I6: Categoria | M6: Tipo
D7: Mês aniv. cont. | E7: =Relatorio!C5 -> 0 | I7: Vigência | J7: 38626
D9: OBJETO | E9: Reajuste por Sinistralidade
D11: Nome | I11: Data Nasc. | O11: Nome | T11: Data Nasc. | AB11: TOTAL | AJ11: TOTAL
A12: Ano | B12: Mês | D12: Valor pago | E12: Reaj. aplic. | F12: Idade | G12: Tipo reaj. | H12: Reaj. devido | I12: Vl. devido | J12: Extra Pago | K12: Extra devido | L12: TOTAL PAGO | M12: TOTAL DEVIDO | N12: Diferença | O12: Valor pago | P12: Reaj. aplic. | Q12: Idade | R12: Tipo reaj. | S12: Reaj. devido | T12: Vl. devido | U12: Extra Pago | V12: Extra devido | W12: TOTAL PAGO | X12: TOTAL DEVIDO | Y12: Diferença | Z12: Ano | AA12: Mês | AB12: Vl. tot. pago | AC12: Reaj. aplic. | AD12: Vl. tot. devido | AE12: Reaj. aplic. | AF12: Diferença | AG12: Índ corr monet | AH12: Diferença corrigida | AJ12: Vl. tot. pago | AK12: Reaj. aplic.
A13: 2004 | B13: 37987 | E13: 0 | H13: 0 | I13: =D13 -> 0 | L13: =D13+J13 -> 0 | M13: =I13+K13 -> 0 | P13: 0 | S13: 0 | T13: =O13 -> 0 | W13: =O13+U13 -> 0 | X13: =T13+V13 -> 0 | Z13: 2004 | AA13: 37987 | AB13: =L13+W13 -> 0 | AC13: 0 | AD13: =M13+X13 -> 0 | AE13: 0 | AG13: 31.052744 | AK13: 0
B14: 38018 | E14: =((D14/D13)-1) -> #DIV/0! | F14: =IF(DAY(J$11)=0,"",IF(MONTH(J$11)<>MONTH($B14),"",YEAR($B14)-YEAR(J$11))) | H14: 0 | I14: =I13*(1+H14) -> 0 | L14: =D14+J14 -> 0 | M14: =I14+K14 -> 0 | P14: =((O14/O13)-1) -> #DIV/0! | Q14: =IF(DAY(U$11)=0,"",IF(MONTH(U$11)<>MONTH($B14),"",YEAR($B14)-YEAR(U$11))) | S14: 0 | T14: =T13*(1+S14) -> 0 | W14: =O14+U14 -> 0 | X14: =T14+V14 -> 0 | AA14: 38018 | AB14: =L14+W14 -> 0 | AC14: =((AB14/AB13)-1) -> #DIV/0! | AD14: =M14+X14 -> 0 | AE14: =((AD14/AD13)-1) -> #DIV/0! | AG14: 31.310481 | AK14: =((AJ14/AJ13)-1) -> #DIV/0!
B15: 38047 | E15: =((D15/D14)-1) -> #DIV/0! | F15: =IF(DAY(J$11)=0,"",IF(MONTH(J$11)<>MONTH($B15),"",YEAR($B15)-YEAR(J$11))) | H15: 0 | I15: =I14*(1+H15) -> 0 | L15: =D15+J15 -> 0 | M15: =I15+K15 -> 0 | P15: =((O15/O14)-1) -> #DIV/0! | Q15: =IF(DAY(U$11)=0,"",IF(MONTH(U$11)<>MONTH($B15),"",YEAR($B15)-YEAR(U$11))) | S15: 0 | T15: =T14*(1+S15) -> 0 | W15: =O15+U15 -> 0 | X15: =T15+V15 -> 0 | AA15: 38047 | AB15: =L15+W15 -> 0 | AC15: =((AB15/AB14)-1) -> #DIV/0! | AD15: =M15+X15 -> 0 | AE15: =((AD15/AD14)-1) -> #DIV/0! | AG15: 31.432591 | AK15: =((AJ15/AJ14)-1) -> #DIV/0!
B16: 38078 | E16: =((D16/D15)-1) -> #DIV/0! | F16: =IF(DAY(J$11)=0,"",IF(MONTH(J$11)<>MONTH($B16),"",YEAR($B16)-YEAR(J$11))) | H16: 0 | I16: =I15*(1+H16) -> 0 | L16: =D16+J16 -> 0 | M16: =I16+K16 -> 0 | P16: =((O16/O15)-1) -> #DIV/0! | Q16: =IF(DAY(U$11)=0,"",IF(MONTH(U$11)<>MONTH($B16),"",YEAR($B16)-YEAR(U$11))) | S16: 0 | T16: =T15*(1+S16) -> 0 | W16: =O16+U16 -> 0 | X16: =T16+V16 -> 0 | AA16: 38078 | AB16: =L16+W16 -> 0 | AC16: =((AB16/AB15)-1) -> #DIV/0! | AD16: =M16+X16 -> 0 | AE16: =((AD16/AD15)-1) -> #DIV/0! | AG16: 31.611756 | AK16: =((AJ16/AJ15)-1) -> #DIV/0!
B17: 38108 | E17: =((D17/D16)-1) -> #DIV/0! | F17: =IF(DAY(J$11)=0,"",IF(MONTH(J$11)<>MONTH($B17),"",YEAR($B17)-YEAR(J$11))) | H17: 0 | I17: =I16*(1+H17) -> 0 | L17: =D17+J17 -> 0 | M17: =I17+K17 -> 0 | P17: =((O17/O16)-1) -> #DIV/0! | Q17: =IF(DAY(U$11)=0,"",IF(MONTH(U$11)<>MONTH($B17),"",YEAR($B17)-YEAR(U$11))) | S17: 0 | T17: =T16*(1+S17) -> 0 | W17: =O17+U17 -> 0 | X17: =T17+V17 -> 0 | AA17: 38108 | AB17: =L17+W17 -> 0 | AC17: =((AB17/AB16)-1) -> #DIV/0! | AD17: =M17+X17 -> 0 | AE17: =((AD17/AD16)-1) -> #DIV/0! | AG17: 31.741364 | AK17: =((AJ17/AJ16)-1) -> #DIV/0!
B18: 38139 | E18: =((D18/D17)-1) -> #DIV/0! | F18: =IF(DAY(J$11)=0,"",IF(MONTH(J$11)<>MONTH($B18),"",YEAR($B18)-YEAR(J$11))) | H18: 0 | I18: =I17*(1+H18) -> 0 | L18: =D18+J18 -> 0 | M18: =I18+K18 -> 0 | P18: =((O18/O17)-1) -> #DIV/0! | Q18: =IF(DAY(U$11)=0,"",IF(MONTH(U$11)<>MONTH($B18),"",YEAR($B18)-YEAR(U$11))) | S18: 0 | T18: =T17*(1+S18) -> 0 | W18: =O18+U18 -> 0 | X18: =T18+V18 -> 0 | AA18: 38139 | AB18: =L18+W18 -> 0 | AC18: =((AB18/AB17)-1) -> #DIV/0! | AD18: =M18+X18 -> 0 | AE18: =((AD18/AD17)-1) -> #DIV/0! | AG18: 31.868329 | AK18: =((AJ18/AJ17)-1) -> #DIV/0!
B19: 38169 | E19: =((D19/D18)-1) -> #DIV/0! | F19: =IF(DAY(J$11)=0,"",IF(MONTH(J$11)<>MONTH($B19),"",YEAR($B19)-YEAR(J$11))) | G19: Anual | H19: 0.11749877 | I19: =I18*(1+H19) -> 0 | L19: =D19+J19 -> 0 | M19: =I19+K19 -> 0 | P19: =((O19/O18)-1) -> #DIV/0! | Q19: =IF(DAY(U$11)=0,"",IF(MONTH(U$11)<>MONTH($B19),"",YEAR($B19)-YEAR(U$11))) | R19: Anual | S19: 0.11749877 | T19: =T18*(1+S19) -> 0 | W19: =O19+U19 -> 0 | X19: =T19+V19 -> 0 | AA19: 38169 | AB19: =L19+W19 -> 0 | AC19: =((AB19/AB18)-1) -> #DIV/0! | AD19: =M19+X19 -> 0 | AE19: =((AD19/AD18)-1) -> #DIV/0! | AG19: 32.02767 | AK19: =((AJ19/AJ18)-1) -> #DIV/0!
B20: 38200 | E20: =((D20/D19)-1) -> #DIV/0! | F20: =IF(DAY(J$11)=0,"",IF(MONTH(J$11)<>MONTH($B20),"",YEAR($B20)-YEAR(J$11))) | H20: 0 | I20: =I19*(1+H20) -> 0 | L20: =D20+J20 -> 0 | M20: =I20+K20 -> 0 | P20: =((O20/O19)-1) -> #DIV/0! | Q20: =IF(DAY(U$11)=0,"",IF(MONTH(U$11)<>MONTH($B20),"",YEAR($B20)-YEAR(U$11))) | S20: 0 | T20: =T19*(1+S20) -> 0 | W20: =O20+U20 -> 0 | X20: =T20+V20 -> 0 | AA20: 38200 | AB20: =L20+W20 -> 0 | AC20: =((AB20/AB19)-1) -> #DIV/0! | AD20: =M20+X20 -> 0 | AE20: =((AD20/AD19)-1) -> #DIV/0! | AG20: 32.261471 | AK20: =((AJ20/AJ19)-1) -> #DIV/0!
B21: 38231 | E21: =((D21/D20)-1) -> #DIV/0! | F21: =IF(DAY(J$11)=0,"",IF(MONTH(J$11)<>MONTH($B21),"",YEAR($B21)-YEAR(J$11))) | H21: 0 | I21: =I20*(1+H21) -> 0 | L21: =D21+J21 -> 0 | M21: =I21+K21 -> 0 | P21: =((O21/O20)-1) -> #DIV/0! | Q21: =IF(DAY(U$11)=0,"",IF(MONTH(U$11)<>MONTH($B21),"",YEAR($B21)-YEAR(U$11))) | S21: 0 | T21: =T20*(1+S21) -> 0 | W21: =O21+U21 -> 0 | X21: =T21+V21 -> 0 | AA21: 38231 | AB21: =L21+W21 -> 0 | AC21: =((AB21/AB20)-1) -> #DIV/0! | AD21: =M21+X21 -> 0 | AE21: =((AD21/AD20)-1) -> #DIV/0! | AG21: 32.422778 | AK21: =((AJ21/AJ20)-1) -> #DIV/0!
B22: 38261 | E22: =((D22/D21)-1) -> #DIV/0! | F22: =IF(DAY(J$11)=0,"",IF(MONTH(J$11)<>MONTH($B22),"",YEAR($B22)-YEAR(J$11))) | H22: 0 | I22: =I21*(1+H22) -> 0 | L22: =D22+J22 -> 0 | M22: =I22+K22 -> 0 | P22: =((O22/O21)-1) -> #DIV/0! | Q22: =IF(DAY(U$11)=0,"",IF(MONTH(U$11)<>MONTH($B22),"",YEAR($B22)-YEAR(U$11))) | S22: 0 | T22: =T21*(1+S22) -> 0 | W22: =O22+U22 -> 0 | X22: =T22+V22 -> 0 | AA22: 38261 | AB22: =L22+W22 -> 0 | AC22: =((AB22/AB21)-1) -> #DIV/0! | AD22: =M22+X22 -> 0 | AE22: =((AD22/AD21)-1) -> #DIV/0! | AG22: 32.477896 | AK22: =((AJ22/AJ21)-1) -> #DIV/0!
B23: 38292 | E23: =((D23/D22)-1) -> #DIV/0! | F23: =IF(DAY(J$11)=0,"",IF(MONTH(J$11)<>MONTH($B23),"",YEAR($B23)-YEAR(J$11))) | H23: 0 | I23: =I22*(1+H23) -> 0 | L23: =D23+J23 -> 0 | M23: =I23+K23 -> 0 | P23: =((O23/O22)-1) -> #DIV/0! | Q23: =IF(DAY(U$11)=0,"",IF(MONTH(U$11)<>MONTH($B23),"",YEAR($B23)-YEAR(U$11))) | S23: 0 | T23: =T22*(1+S23) -> 0 | W23: =O23+U23 -> 0 | X23: =T23+V23 -> 0 | AA23: 38292 | AB23: =L23+W23 -> 0 | AC23: =((AB23/AB22)-1) -> #DIV/0! | AD23: =M23+X23 -> 0 | AE23: =((AD23/AD22)-1) -> #DIV/0! | AG23: 32.533108 | AK23: =((AJ23/AJ22)-1) -> #DIV/0!
B24: 38322 | E24: =((D24/D23)-1) -> #DIV/0! | F24: =IF(DAY(J$11)=0,"",IF(MONTH(J$11)<>MONTH($B24),"",YEAR($B24)-YEAR(J$11))) | H24: 0 | I24: =I23*(1+H24) -> 0 | L24: =D24+J24 -> 0 | M24: =I24+K24 -> 0 | P24: =((O24/O23)-1) -> #DIV/0! | Q24: =IF(DAY(U$11)=0,"",IF(MONTH(U$11)<>MONTH($B24),"",YEAR($B24)-YEAR(U$11))) | S24: 0 | T24: =T23*(1+S24) -> 0 | W24: =O24+U24 -> 0 | X24: =T24+V24 -> 0 | AA24: 38322 | AB24: =L24+W24 -> 0 | AC24: =((AB24/AB23)-1) -> #DIV/0! | AD24: =M24+X24 -> 0 | AE24: =((AD24/AD23)-1) -> #DIV/0! | AG24: 32.676253 | AK24: =((AJ24/AJ23)-1) -> #DIV/0!
A25: 2005 | B25: 38353 | E25: =((D25/D24)-1) -> #DIV/0! | F25: =IF(DAY(J$11)=0,"",IF(MONTH(J$11)<>MONTH($B25),"",YEAR($B25)-YEAR(J$11))) | H25: 0 | I25: =I24*(1+H25) -> 0 | L25: =D25+J25 -> 0 | M25: =I25+K25 -> 0 | P25: =((O25/O24)-1) -> #DIV/0! | Q25: =IF(DAY(U$11)=0,"",IF(MONTH(U$11)<>MONTH($B25),"",YEAR($B25)-YEAR(U$11))) | S25: 0 | T25: =T24*(1+S25) -> 0 | W25: =O25+U25 -> 0 | X25: =T25+V25 -> 0 | Z25: 2005 | AA25: 38353 | AB25: =L25+W25 -> 0 | AC25: =((AB25/AB24)-1) -> #DIV/0! | AD25: =M25+X25 -> 0 | AE25: =((AD25/AD24)-1) -> #DIV/0! | AG25: 32.957268 | AK25: =((AJ25/AJ24)-1) -> #DIV/0!
B26: 38384 | E26: =((D26/D25)-1) -> #DIV/0! | F26: =IF(DAY(J$11)=0,"",IF(MONTH(J$11)<>MONTH($B26),"",YEAR($B26)-YEAR(J$11))) | H26: 0 | I26: =I25*(1+H26) -> 0 | L26: =D26+J26 -> 0 | M26: =I26+K26 -> 0 | P26: =((O26/O25)-1) -> #DIV/0! | Q26: =IF(DAY(U$11)=0,"",IF(MONTH(U$11)<>MONTH($B26),"",YEAR($B26)-YEAR(U$11))) | S26: 0 | T26: =T25*(1+S26) -> 0 | W26: =O26+U26 -> 0 | X26: =T26+V26 -> 0 | AA26: 38384 | AB26: =L26+W26 -> 0 | AC26: =((AB26/AB25)-1) -> #DIV/0! | AD26: =M26+X26 -> 0 | AE26: =((AD26/AD25)-1) -> #DIV/0! | AG26: 33.145124 | AK26: =((AJ26/AJ25)-1) -> #DIV/0!
B27: 38412 | E27: =((D27/D26)-1) -> #DIV/0! | F27: =IF(DAY(J$11)=0,"",IF(MONTH(J$11)<>MONTH($B27),"",YEAR($B27)-YEAR(J$11))) | H27: 0 | I27: =I26*(1+H27) -> 0 | L27: =D27+J27 -> 0 | M27: =I27+K27 -> 0 | P27: =((O27/O26)-1) -> #DIV/0! | Q27: =IF(DAY(U$11)=0,"",IF(MONTH(U$11)<>MONTH($B27),"",YEAR($B27)-YEAR(U$11))) | S27: 0 | T27: =T26*(1+S27) -> 0 | W27: =O27+U27 -> 0 | X27: =T27+V27 -> 0 | AA27: 38412 | AB27: =L27+W27 -> 0 | AC27: =((AB27/AB26)-1) -> #DIV/0! | AD27: =M27+X27 -> 0 | AE27: =((AD27/AD26)-1) -> #DIV/0! | AG27: 33.290962 | AK27: =((AJ27/AJ26)-1) -> #DIV/0!
B28: 38443 | E28: =((D28/D27)-1) -> #DIV/0! | F28: =IF(DAY(J$11)=0,"",IF(MONTH(J$11)<>MONTH($B28),"",YEAR($B28)-YEAR(J$11))) | H28: 0 | I28: =I27*(1+H28) -> 0 | L28: =D28+J28 -> 0 | M28: =I28+K28 -> 0 | P28: =((O28/O27)-1) -> #DIV/0! | Q28: =IF(DAY(U$11)=0,"",IF(MONTH(U$11)<>MONTH($B28),"",YEAR($B28)-YEAR(U$11))) | S28: 0 | T28: =T27*(1+S28) -> 0 | W28: =O28+U28 -> 0 | X28: =T28+V28 -> 0 | AA28: 38443 | AB28: =L28+W28 -> 0 | AC28: =((AB28/AB27)-1) -> #DIV/0! | AD28: =M28+X28 -> 0 | AE28: =((AD28/AD27)-1) -> #DIV/0! | AG28: 33.533986 | AK28: =((AJ28/AJ27)-1) -> #DIV/0!
B29: 38473 | E29: =((D29/D28)-1) -> #DIV/0! | F29: =IF(DAY(J$11)=0,"",IF(MONTH(J$11)<>MONTH($B29),"",YEAR($B29)-YEAR(J$11))) | H29: 0 | I29: =I28*(1+H29) -> 0 | L29: =D29+J29 -> 0 | M29: =I29+K29 -> 0 | P29: =((O29/O28)-1) -> #DIV/0! | Q29: =IF(DAY(U$11)=0,"",IF(MONTH(U$11)<>MONTH($B29),"",YEAR($B29)-YEAR(U$11))) | S29: 0 | T29: =T28*(1+S29) -> 0 | W29: =O29+U29 -> 0 | X29: =T29+V29 -> 0 | AA29: 38473 | AB29: =L29+W29 -> 0 | AC29: =((AB29/AB28)-1) -> #DIV/0! | AD29: =M29+X29 -> 0 | AE29: =((AD29/AD28)-1) -> #DIV/0! | AG29: 33.839145 | AK29: =((AJ29/AJ28)-1) -> #DIV/0!
B30: 38504 | E30: =((D30/D29)-1) -> #DIV/0! | F30: =IF(DAY(J$11)=0,"",IF(MONTH(J$11)<>MONTH($B30),"",YEAR($B30)-YEAR(J$11))) | H30: 0 | I30: =I29*(1+H30) -> 0 | L30: =D30+J30 -> 0 | M30: =I30+K30 -> 0 | P30: =((O30/O29)-1) -> #DIV/0! | Q30: =IF(DAY(U$11)=0,"",IF(MONTH(U$11)<>MONTH($B30),"",YEAR($B30)-YEAR(U$11))) | S30: 0 | T30: =T29*(1+S30) -> 0 | W30: =O30+U30 -> 0 | X30: =T30+V30 -> 0 | AA30: 38504 | AB30: =L30+W30 -> 0 | AC30: =((AB30/AB29)-1) -> #DIV/0! | AD30: =M30+X30 -> 0 | AE30: =((AD30/AD29)-1) -> #DIV/0! | AG30: 34.076019 | AK30: =((AJ30/AJ29)-1) -> #DIV/0!
B31: 38534 | E31: =((D31/D30)-1) -> #DIV/0! | F31: =IF(DAY(J$11)=0,"",IF(MONTH(J$11)<>MONTH($B31),"",YEAR($B31)-YEAR(J$11))) | G31: Anual | H31: 0.1169 | I31: =I30*(1+H31) -> 0 | L31: =D31+J31 -> 0 | M31: =I31+K31 -> 0 | P31: =((O31/O30)-1) -> #DIV/0! | Q31: =IF(DAY(U$11)=0,"",IF(MONTH(U$11)<>MONTH($B31),"",YEAR($B31)-YEAR(U$11))) | R31: Anual | S31: 0.1169 | T31: =T30*(1+S31) -> 0 | W31: =O31+U31 -> 0 | X31: =T31+V31 -> 0 | AA31: 38534 | AB31: =L31+W31 -> 0 | AC31: =((AB31/AB30)-1) -> #DIV/0! | AD31: =M31+X31 -> 0 | AE31: =((AD31/AD30)-1) -> #DIV/0! | AG31: 34.038535 | AK31: =((AJ31/AJ30)-1) -> #DIV/0!
B32: 38565 | E32: =((D32/D31)-1) -> #DIV/0! | F32: =IF(DAY(J$11)=0,"",IF(MONTH(J$11)<>MONTH($B32),"",YEAR($B32)-YEAR(J$11))) | H32: 0 | I32: =I31*(1+H32) -> 0 | L32: =D32+J32 -> 0 | M32: =I32+K32 -> 0 | P32: =((O32/O31)-1) -> #DIV/0! | Q32: =IF(DAY(U$11)=0,"",IF(MONTH(U$11)<>MONTH($B32),"",YEAR($B32)-YEAR(U$11))) | S32: 0 | T32: =T31*(1+S32) -> 0 | W32: =O32+U32 -> 0 | X32: =T32+V32 -> 0 | AA32: 38565 | AB32: =L32+W32 -> 0 | AC32: =((AB32/AB31)-1) -> #DIV/0! | AD32: =M32+X32 -> 0 | AE32: =((AD32/AD31)-1) -> #DIV/0! | AG32: 34.048746 | AK32: =((AJ32/AJ31)-1) -> #DIV/0!
B33: 38596 | E33: =((D33/D32)-1) -> #DIV/0! | F33: =IF(DAY(J$11)=0,"",IF(MONTH(J$11)<>MONTH($B33),"",YEAR($B33)-YEAR(J$11))) | H33: 0 | I33: =I32*(1+H33) -> 0 | L33: =D33+J33 -> 0 | M33: =I33+K33 -> 0 | P33: =((O33/O32)-1) -> #DIV/0! | Q33: =IF(DAY(U$11)=0,"",IF(MONTH(U$11)<>MONTH($B33),"",YEAR($B33)-YEAR(U$11))) | S33: 0 | T33: =T32*(1+S33) -> 0 | W33: =O33+U33 -> 0 | X33: =T33+V33 -> 0 | AA33: 38596 | AB33: =L33+W33 -> 0 | AC33: =((AB33/AB32)-1) -> #DIV/0! | AD33: =M33+X33 -> 0 | AE33: =((AD33/AD32)-1) -> #DIV/0! | AG33: 34.048746 | AK33: =((AJ33/AJ32)-1) -> #DIV/0!
B34: 38626 | E34: =((D34/D33)-1) -> #DIV/0! | F34: =IF(DAY(J$11)=0,"",IF(MONTH(J$11)<>MONTH($B34),"",YEAR($B34)-YEAR(J$11))) | H34: 0 | I34: =I33*(1+H34) -> 0 | L34: =D34+J34 -> 0 | M34: =I34+K34 -> 0 | P34: =((O34/O33)-1) -> #DIV/0! | Q34: =IF(DAY(U$11)=0,"",IF(MONTH(U$11)<>MONTH($B34),"",YEAR($B34)-YEAR(U$11))) | S34: 0 | T34: =T33*(1+S34) -> 0 | W34: =O34+U34 -> 0 | X34: =T34+V34 -> 0 | AA34: 38626 | AB34: =L34+W34 -> 0 | AC34: =((AB34/AB33)-1) -> #DIV/0! | AD34: =M34+X34 -> 0 | AE34: =((AD34/AD33)-1) -> #DIV/0! | AG34: 34.099819 | AK34: =((AJ34/AJ33)-1) -> #DIV/0!
B35: 38657 | E35: =((D35/D34)-1) -> #DIV/0! | F35: =IF(DAY(J$11)=0,"",IF(MONTH(J$11)<>MONTH($B35),"",YEAR($B35)-YEAR(J$11))) | H35: 0 | I35: =I34*(1+H35) -> 0 | L35: =D35+J35 -> 0 | M35: =I35+K35 -> 0 | P35: =((O35/O34)-1) -> #DIV/0! | Q35: =IF(DAY(U$11)=0,"",IF(MONTH(U$11)<>MONTH($B35),"",YEAR($B35)-YEAR(U$11))) | S35: 0 | T35: =T34*(1+S35) -> 0 | W35: =O35+U35 -> 0 | X35: =T35+V35 -> 0 | AA35: 38657 | AB35: =L35+W35 -> 0 | AC35: =((AB35/AB34)-1) -> #DIV/0! | AD35: =M35+X35 -> 0 | AE35: =((AD35/AD34)-1) -> #DIV/0! | AG35: 34.297597 | AK35: =((AJ35/AJ34)-1) -> #DIV/0!
B36: 38687 | E36: =((D36/D35)-1) -> #DIV/0! | F36: =IF(DAY(J$11)=0,"",IF(MONTH(J$11)<>MONTH($B36),"",YEAR($B36)-YEAR(J$11))) | H36: 0 | I36: =I35*(1+H36) -> 0 | L36: =D36+J36 -> 0 | M36: =I36+K36 -> 0 | P36: =((O36/O35)-1) -> #DIV/0! | Q36: =IF(DAY(U$11)=0,"",IF(MONTH(U$11)<>MONTH($B36),"",YEAR($B36)-YEAR(U$11))) | S36: 0 | T36: =T35*(1+S36) -> 0 | W36: =O36+U36 -> 0 | X36: =T36+V36 -> 0 | AA36: 38687 | AB36: =L36+W36 -> 0 | AC36: =((AB36/AB35)-1) -> #DIV/0! | AD36: =M36+X36 -> 0 | AE36: =((AD36/AD35)-1) -> #DIV/0! | AG36: 34.482804 | AK36: =((AJ36/AJ35)-1) -> #DIV/0!
A37: 2006 | B37: 38718 | E37: =((D37/D36)-1) -> #DIV/0! | F37: =IF(DAY(J$11)=0,"",IF(MONTH(J$11)<>MONTH($B37),"",YEAR($B37)-YEAR(J$11))) | H37: 0 | I37: =I36*(1+H37) -> 0 | L37: =D37+J37 -> 0 | M37: =I37+K37 -> 0 | P37: =((O37/O36)-1) -> #DIV/0! | Q37: =IF(DAY(U$11)=0,"",IF(MONTH(U$11)<>MONTH($B37),"",YEAR($B37)-YEAR(U$11))) | S37: 0 | T37: =T36*(1+S37) -> 0 | W37: =O37+U37 -> 0 | X37: =T37+V37 -> 0 | Z37: 2006 | AA37: 38718 | AB37: =L37+W37 -> 0 | AC37: =((AB37/AB36)-1) -> #DIV/0! | AD37: =M37+X37 -> 0 | AE37: =((AD37/AD36)-1) -> #DIV/0! | AG37: 34.620735 | AK37: =((AJ37/AJ36)-1) -> #DIV/0!
B38: 38749 | E38: =((D38/D37)-1) -> #DIV/0! | F38: =IF(DAY(J$11)=0,"",IF(MONTH(J$11)<>MONTH($B38),"",YEAR($B38)-YEAR(J$11))) | H38: 0 | I38: =I37*(1+H38) -> 0 | L38: =D38+J38 -> 0 | M38: =I38+K38 -> 0 | P38: =((O38/O37)-1) -> #DIV/0! | Q38: =IF(DAY(U$11)=0,"",IF(MONTH(U$11)<>MONTH($B38),"",YEAR($B38)-YEAR(U$11))) | S38: 0 | T38: =T37*(1+S38) -> 0 | W38: =O38+U38 -> 0 | X38: =T38+V38 -> 0 | AA38: 38749 | AB38: =L38+W38 -> 0 | AC38: =((AB38/AB37)-1) -> #DIV/0! | AD38: =M38+X38 -> 0 | AE38: =((AD38/AD37)-1) -> #DIV/0! | AG38: 34.752293 | AK38: =((AJ38/AJ37)-1) -> #DIV/0!
B39: 38777 | E39: =((D39/D38)-1) -> #DIV/0! | F39: =IF(DAY(J$11)=0,"",IF(MONTH(J$11)<>MONTH($B39),"",YEAR($B39)-YEAR(J$11))) | H39: 0 | I39: =I38*(1+H39) -> 0 | L39: =D39+J39 -> 0 | M39: =I39+K39 -> 0 | P39: =((O39/O38)-1) -> #DIV/0! | Q39: =IF(DAY(U$11)=0,"",IF(MONTH(U$11)<>MONTH($B39),"",YEAR($B39)-YEAR(U$11))) | S39: 0 | T39: =T38*(1+S39) -> 0 | W39: =O39+U39 -> 0 | X39: =T39+V39 -> 0 | AA39: 38777 | AB39: =L39+W39 -> 0 | AC39: =((AB39/AB38)-1) -> #DIV/0! | AD39: =M39+X39 -> 0 | AE39: =((AD39/AD38)-1) -> #DIV/0! | AG39: 34.832223 | AK39: =((AJ39/AJ38)-1) -> #DIV/0!
B40: 38808 | E40: =((D40/D39)-1) -> #DIV/0! | F40: =IF(DAY(J$11)=0,"",IF(MONTH(J$11)<>MONTH($B40),"",YEAR($B40)-YEAR(J$11))) | H40: 0 | I40: =I39*(1+H40) -> 0 | L40: =D40+J40 -> 0 | M40: =I40+K40 -> 0 | P40: =((O40/O39)-1) -> #DIV/0! | Q40: =IF(DAY(U$11)=0,"",IF(MONTH(U$11)<>MONTH($B40),"",YEAR($B40)-YEAR(U$11))) | S40: 0 | T40: =T39*(1+S40) -> 0 | W40: =O40+U40 -> 0 | X40: =T40+V40 -> 0 | AA40: 38808 | AB40: =L40+W40 -> 0 | AC40: =((AB40/AB39)-1) -> #DIV/0! | AD40: =M40+X40 -> 0 | AE40: =((AD40/AD39)-1) -> #DIV/0! | AG40: 34.92627 | AK40: =((AJ40/AJ39)-1) -> #DIV/0!
B41: 38838 | E41: =((D41/D40)-1) -> #DIV/0! | F41: =IF(DAY(J$11)=0,"",IF(MONTH(J$11)<>MONTH($B41),"",YEAR($B41)-YEAR(J$11))) | H41: 0 | I41: =I40*(1+H41) -> 0 | L41: =D41+J41 -> 0 | M41: =I41+K41 -> 0 | P41: =((O41/O40)-1) -> #DIV/0! | Q41: =IF(DAY(U$11)=0,"",IF(MONTH(U$11)<>MONTH($B41),"",YEAR($B41)-YEAR(U$11))) | S41: 0 | T41: =T40*(1+S41) -> 0 | W41: =O41+U41 -> 0 | X41: =T41+V41 -> 0 | AA41: 38838 | AB41: =L41+W41 -> 0 | AC41: =((AB41/AB40)-1) -> #DIV/0! | AD41: =M41+X41 -> 0 | AE41: =((AD41/AD40)-1) -> #DIV/0! | AG41: 34.968181 | AK41: =((AJ41/AJ40)-1) -> #DIV/0!
B42: 38869 | E42: =((D42/D41)-1) -> #DIV/0! | F42: =IF(DAY(J$11)=0,"",IF(MONTH(J$11)<>MONTH($B42),"",YEAR($B42)-YEAR(J$11))) | H42: 0 | I42: =I41*(1+H42) -> 0 | L42: =D42+J42 -> 0 | M42: =I42+K42 -> 0 | P42: =((O42/O41)-1) -> #DIV/0! | Q42: =IF(DAY(U$11)=0,"",IF(MONTH(U$11)<>MONTH($B42),"",YEAR($B42)-YEAR(U$11))) | S42: 0 | T42: =T41*(1+S42) -> 0 | W42: =O42+U42 -> 0 | X42: =T42+V42 -> 0 | AA42: 38869 | AB42: =L42+W42 -> 0 | AC42: =((AB42/AB41)-1) -> #DIV/0! | AD42: =M42+X42 -> 0 | AE42: =((AD42/AD41)-1) -> #DIV/0! | AG42: 35.013639 | AK42: =((AJ42/AJ41)-1) -> #DIV/0!
B43: 38899 | E43: =((D43/D42)-1) -> #DIV/0! | F43: =IF(DAY(J$11)=0,"",IF(MONTH(J$11)<>MONTH($B43),"",YEAR($B43)-YEAR(J$11))) | G43: Anual | H43: 0.0889 | I43: =I42*(1+H43) -> 0 | L43: =D43+J43 -> 0 | M43: =I43+K43 -> 0 | P43: =((O43/O42)-1) -> #DIV/0! | Q43: =IF(DAY(U$11)=0,"",IF(MONTH(U$11)<>MONTH($B43),"",YEAR($B43)-YEAR(U$11))) | R43: Anual | S43: 0.0889 | T43: =T42*(1+S43) -> 0 | W43: =O43+U43 -> 0 | X43: =T43+V43 -> 0 | AA43: 38899 | AB43: =L43+W43 -> 0 | AC43: =((AB43/AB42)-1) -> #DIV/0! | AD43: =M43+X43 -> 0 | AE43: =((AD43/AD42)-1) -> #DIV/0! | AG43: 34.989129 | AK43: =((AJ43/AJ42)-1) -> #DIV/0!
B44: 38930 | E44: =((D44/D43)-1) -> #DIV/0! | F44: =IF(DAY(J$11)=0,"",IF(MONTH(J$11)<>MONTH($B44),"",YEAR($B44)-YEAR(J$11))) | H44: 0 | I44: =I43*(1+H44) -> 0 | L44: =D44+J44 -> 0 | M44: =I44+K44 -> 0 | P44: =((O44/O43)-1) -> #DIV/0! | Q44: =IF(DAY(U$11)=0,"",IF(MONTH(U$11)<>MONTH($B44),"",YEAR($B44)-YEAR(U$11))) | S44: 0 | T44: =T43*(1+S44) -> 0 | W44: =O44+U44 -> 0 | X44: =T44+V44 -> 0 | AA44: 38930 | AB44: =L44+W44 -> 0 | AC44: =((AB44/AB43)-1) -> #DIV/0! | AD44: =M44+X44 -> 0 | AE44: =((AD44/AD43)-1) -> #DIV/0! | AG44: 35.027617 | AK44: =((AJ44/AJ43)-1) -> #DIV/0!
B45: 38961 | E45: =((D45/D44)-1) -> #DIV/0! | F45: =IF(DAY(J$11)=0,"",IF(MONTH(J$11)<>MONTH($B45),"",YEAR($B45)-YEAR(J$11))) | H45: 0 | I45: =I44*(1+H45) -> 0 | L45: =D45+J45 -> 0 | M45: =I45+K45 -> 0 | P45: =((O45/O44)-1) -> #DIV/0! | Q45: =IF(DAY(U$11)=0,"",IF(MONTH(U$11)<>MONTH($B45),"",YEAR($B45)-YEAR(U$11))) | S45: 0 | T45: =T44*(1+S45) -> 0 | W45: =O45+U45 -> 0 | X45: =T45+V45 -> 0 | AA45: 38961 | AB45: =L45+W45 -> 0 | AC45: =((AB45/AB44)-1) -> #DIV/0! | AD45: =M45+X45 -> 0 | AE45: =((AD45/AD44)-1) -> #DIV/0! | AG45: 35.020611 | AK45: =((AJ45/AJ44)-1) -> #DIV/0!
B46: 38991 | E46: =((D46/D45)-1) -> #DIV/0! | F46: =IF(DAY(J$11)=0,"",IF(MONTH(J$11)<>MONTH($B46),"",YEAR($B46)-YEAR(J$11))) | H46: 0 | I46: =I45*(1+H46) -> 0 | L46: =D46+J46 -> 0 | M46: =I46+K46 -> 0 | P46: =((O46/O45)-1) -> #DIV/0! | Q46: =IF(DAY(U$11)=0,"",IF(MONTH(U$11)<>MONTH($B46),"",YEAR($B46)-YEAR(U$11))) | S46: 0 | T46: =T45*(1+S46) -> 0 | W46: =O46+U46 -> 0 | X46: =T46+V46 -> 0 | AA46: 38991 | AB46: =L46+W46 -> 0 | AC46: =((AB46/AB45)-1) -> #DIV/0! | AD46: =M46+X46 -> 0 | AE46: =((AD46/AD45)-1) -> #DIV/0! | AG46: 35.076643 | AK46: =((AJ46/AJ45)-1) -> #DIV/0!
B47: 39022 | E47: =((D47/D46)-1) -> #DIV/0! | F47: =IF(DAY(J$11)=0,"",IF(MONTH(J$11)<>MONTH($B47),"",YEAR($B47)-YEAR(J$11))) | H47: 0 | I47: =I46*(1+H47) -> 0 | L47: =D47+J47 -> 0 | M47: =I47+K47 -> 0 | P47: =((O47/O46)-1) -> #DIV/0! | Q47: =IF(DAY(U$11)=0,"",IF(MONTH(U$11)<>MONTH($B47),"",YEAR($B47)-YEAR(U$11))) | S47: 0 | T47: =T46*(1+S47) -> 0 | W47: =O47+U47 -> 0 | X47: =T47+V47 -> 0 | AA47: 39022 | AB47: =L47+W47 -> 0 | AC47: =((AB47/AB46)-1) -> #DIV/0! | AD47: =M47+X47 -> 0 | AE47: =((AD47/AD46)-1) -> #DIV/0! | AG47: 35.227472 | AK47: =((AJ47/AJ46)-1) -> #DIV/0!
B48: 39052 | E48: =((D48/D47)-1) -> #DIV/0! | F48: =IF(DAY(J$11)=0,"",IF(MONTH(J$11)<>MONTH($B48),"",YEAR($B48)-YEAR(J$11))) | H48: 0 | I48: =I47*(1+H48) -> 0 | L48: =D48+J48 -> 0 | M48: =I48+K48 -> 0 | P48: =((O48/O47)-1) -> #DIV/0! | Q48: =IF(DAY(U$11)=0,"",IF(MONTH(U$11)<>MONTH($B48),"",YEAR($B48)-YEAR(U$11))) | S48: 0 | T48: =T47*(1+S48) -> 0 | W48: =O48+U48 -> 0 | X48: =T48+V48 -> 0 | AA48: 39052 | AB48: =L48+W48 -> 0 | AC48: =((AB48/AB47)-1) -> #DIV/0! | AD48: =M48+X48 -> 0 | AE48: =((AD48/AD47)-1) -> #DIV/0! | AG48: 35.375427 | AK48: =((AJ48/AJ47)-1) -> #DIV/0!
A49: 2007 | B49: 39083 | E49: =((D49/D48)-1) -> #DIV/0! | F49: =IF(DAY(J$11)=0,"",IF(MONTH(J$11)<>MONTH($B49),"",YEAR($B49)-YEAR(J$11))) | H49: 0 | I49: =I48*(1+H49) -> 0 | L49: =D49+J49 -> 0 | M49: =I49+K49 -> 0 | P49: =((O49/O48)-1) -> #DIV/0! | Q49: =IF(DAY(U$11)=0,"",IF(MONTH(U$11)<>MONTH($B49),"",YEAR($B49)-YEAR(U$11))) | S49: 0 | T49: =T48*(1+S49) -> 0 | W49: =O49+U49 -> 0 | X49: =T49+V49 -> 0 | Z49: 2007 | AA49: 39083 | AB49: =L49+W49 -> 0 | AC49: =((AB49/AB48)-1) -> #DIV/0! | AD49: =M49+X49 -> 0 | AE49: =((AD49/AD48)-1) -> #DIV/0! | AG49: 35.594754 | AK49: =((AJ49/AJ48)-1) -> #DIV/0!
B50: 39114 | E50: =((D50/D49)-1) -> #DIV/0! | F50: =IF(DAY(J$11)=0,"",IF(MONTH(J$11)<>MONTH($B50),"",YEAR($B50)-YEAR(J$11))) | H50: 0 | I50: =I49*(1+H50) -> 0 | L50: =D50+J50 -> 0 | M50: =I50+K50 -> 0 | P50: =((O50/O49)-1) -> #DIV/0! | Q50: =IF(DAY(U$11)=0,"",IF(MONTH(U$11)<>MONTH($B50),"",YEAR($B50)-YEAR(U$11))) | S50: 0 | T50: =T49*(1+S50) -> 0 | W50: =O50+U50 -> 0 | X50: =T50+V50 -> 0 | AA50: 39114 | AB50: =L50+W50 -> 0 | AC50: =((AB50/AB49)-1) -> #DIV/0! | AD50: =M50+X50 -> 0 | AE50: =((AD50/AD49)-1) -> #DIV/0! | AG50: 35.769168 | AK50: =((AJ50/AJ49)-1) -> #DIV/0!
B51: 39142 | E51: =((D51/D50)-1) -> #DIV/0! | F51: =IF(DAY(J$11)=0,"",IF(MONTH(J$11)<>MONTH($B51),"",YEAR($B51)-YEAR(J$11))) | H51: 0 | I51: =I50*(1+H51) -> 0 | L51: =D51+J51 -> 0 | M51: =I51+K51 -> 0 | P51: =((O51/O50)-1) -> #DIV/0! | Q51: =IF(DAY(U$11)=0,"",IF(MONTH(U$11)<>MONTH($B51),"",YEAR($B51)-YEAR(U$11))) | S51: 0 | T51: =T50*(1+S51) -> 0 | W51: =O51+U51 -> 0 | X51: =T51+V51 -> 0 | AA51: 39142 | AB51: =L51+W51 -> 0 | AC51: =((AB51/AB50)-1) -> #DIV/0! | AD51: =M51+X51 -> 0 | AE51: =((AD51/AD50)-1) -> #DIV/0! | AG51: 35.919398 | AK51: =((AJ51/AJ50)-1) -> #DIV/0!
B52: 39173 | E52: =((D52/D51)-1) -> #DIV/0! | F52: =IF(DAY(J$11)=0,"",IF(MONTH(J$11)<>MONTH($B52),"",YEAR($B52)-YEAR(J$11))) | H52: 0 | I52: =I51*(1+H52) -> 0 | L52: =D52+J52 -> 0 | M52: =I52+K52 -> 0 | P52: =((O52/O51)-1) -> #DIV/0! | Q52: =IF(DAY(U$11)=0,"",IF(MONTH(U$11)<>MONTH($B52),"",YEAR($B52)-YEAR(U$11))) | S52: 0 | T52: =T51*(1+S52) -> 0 | W52: =O52+U52 -> 0 | X52: =T52+V52 -> 0 | AA52: 39173 | AB52: =L52+W52 -> 0 | AC52: =((AB52/AB51)-1) -> #DIV/0! | AD52: =M52+X52 -> 0 | AE52: =((AD52/AD51)-1) -> #DIV/0! | AG52: 36.077443 | AK52: =((AJ52/AJ51)-1) -> #DIV/0!
B53: 39203 | E53: =((D53/D52)-1) -> #DIV/0! | F53: =IF(DAY(J$11)=0,"",IF(MONTH(J$11)<>MONTH($B53),"",YEAR($B53)-YEAR(J$11))) | H53: 0 | I53: =I52*(1+H53) -> 0 | L53: =D53+J53 -> 0 | M53: =I53+K53 -> 0 | P53: =((O53/O52)-1) -> #DIV/0! | Q53: =IF(DAY(U$11)=0,"",IF(MONTH(U$11)<>MONTH($B53),"",YEAR($B53)-YEAR(U$11))) | S53: 0 | T53: =T52*(1+S53) -> 0 | W53: =O53+U53 -> 0 | X53: =T53+V53 -> 0 | AA53: 39203 | AB53: =L53+W53 -> 0 | AC53: =((AB53/AB52)-1) -> #DIV/0! | AD53: =M53+X53 -> 0 | AE53: =((AD53/AD52)-1) -> #DIV/0! | AG53: 36.171244 | AK53: =((AJ53/AJ52)-1) -> #DIV/0!
B54: 39234 | E54: =((D54/D53)-1) -> #DIV/0! | F54: =IF(DAY(J$11)=0,"",IF(MONTH(J$11)<>MONTH($B54),"",YEAR($B54)-YEAR(J$11))) | H54: 0 | I54: =I53*(1+H54) -> 0 | L54: =D54+J54 -> 0 | M54: =I54+K54 -> 0 | P54: =((O54/O53)-1) -> #DIV/0! | Q54: =IF(DAY(U$11)=0,"",IF(MONTH(U$11)<>MONTH($B54),"",YEAR($B54)-YEAR(U$11))) | S54: 0 | T54: =T53*(1+S54) -> 0 | W54: =O54+U54 -> 0 | X54: =T54+V54 -> 0 | AA54: 39234 | AB54: =L54+W54 -> 0 | AC54: =((AB54/AB53)-1) -> #DIV/0! | AD54: =M54+X54 -> 0 | AE54: =((AD54/AD53)-1) -> #DIV/0! | AG54: 36.265289 | AK54: =((AJ54/AJ53)-1) -> #DIV/0!
B55: 39264 | E55: =((D55/D54)-1) -> #DIV/0! | F55: =IF(DAY(J$11)=0,"",IF(MONTH(J$11)<>MONTH($B55),"",YEAR($B55)-YEAR(J$11))) | G55: Anual | H55: 0.0576 | I55: =I54*(1+H55) -> 0 | L55: =D55+J55 -> 0 | M55: =I55+K55 -> 0 | P55: =((O55/O54)-1) -> #DIV/0! | Q55: =IF(DAY(U$11)=0,"",IF(MONTH(U$11)<>MONTH($B55),"",YEAR($B55)-YEAR(U$11))) | R55: Anual | S55: 0.0576 | T55: =T54*(1+S55) -> 0 | W55: =O55+U55 -> 0 | X55: =T55+V55 -> 0 | AA55: 39264 | AB55: =L55+W55 -> 0 | AC55: =((AB55/AB54)-1) -> #DIV/0! | AD55: =M55+X55 -> 0 | AE55: =((AD55/AD54)-1) -> #DIV/0! | AG55: 36.377711 | AK55: =((AJ55/AJ54)-1) -> #DIV/0!
B56: 39295 | E56: =((D56/D55)-1) -> #DIV/0! | F56: =IF(DAY(J$11)=0,"",IF(MONTH(J$11)<>MONTH($B56),"",YEAR($B56)-YEAR(J$11))) | H56: 0 | I56: =I55*(1+H56) -> 0 | L56: =D56+J56 -> 0 | M56: =I56+K56 -> 0 | P56: =((O56/O55)-1) -> #DIV/0! | Q56: =IF(DAY(U$11)=0,"",IF(MONTH(U$11)<>MONTH($B56),"",YEAR($B56)-YEAR(U$11))) | S56: 0 | T56: =T55*(1+S56) -> 0 | W56: =O56+U56 -> 0 | X56: =T56+V56 -> 0 | AA56: 39295 | AB56: =L56+W56 -> 0 | AC56: =((AB56/AB55)-1) -> #DIV/0! | AD56: =M56+X56 -> 0 | AE56: =((AD56/AD55)-1) -> #DIV/0! | AG56: 36.494119 | AK56: =((AJ56/AJ55)-1) -> #DIV/0!
B57: 39326 | E57: =((D57/D56)-1) -> #DIV/0! | F57: =IF(DAY(J$11)=0,"",IF(MONTH(J$11)<>MONTH($B57),"",YEAR($B57)-YEAR(J$11))) | H57: 0 | I57: =I56*(1+H57) -> 0 | L57: =D57+J57 -> 0 | M57: =I57+K57 -> 0 | P57: =((O57/O56)-1) -> #DIV/0! | Q57: =IF(DAY(U$11)=0,"",IF(MONTH(U$11)<>MONTH($B57),"",YEAR($B57)-YEAR(U$11))) | S57: 0 | T57: =T56*(1+S57) -> 0 | W57: =O57+U57 -> 0 | X57: =T57+V57 -> 0 | AA57: 39326 | AB57: =L57+W57 -> 0 | AC57: =((AB57/AB56)-1) -> #DIV/0! | AD57: =M57+X57 -> 0 | AE57: =((AD57/AD56)-1) -> #DIV/0! | AG57: 36.709434 | AK57: =((AJ57/AJ56)-1) -> #DIV/0!
B58: 39356 | E58: =((D58/D57)-1) -> #DIV/0! | F58: =IF(DAY(J$11)=0,"",IF(MONTH(J$11)<>MONTH($B58),"",YEAR($B58)-YEAR(J$11))) | H58: 0 | I58: =I57*(1+H58) -> 0 | L58: =D58+J58 -> 0 | M58: =I58+K58 -> 0 | P58: =((O58/O57)-1) -> #DIV/0! | Q58: =IF(DAY(U$11)=0,"",IF(MONTH(U$11)<>MONTH($B58),"",YEAR($B58)-YEAR(U$11))) | S58: 0 | T58: =T57*(1+S58) -> 0 | W58: =O58+U58 -> 0 | X58: =T58+V58 -> 0 | AA58: 39356 | AB58: =L58+W58 -> 0 | AC58: =((AB58/AB57)-1) -> #DIV/0! | AD58: =M58+X58 -> 0 | AE58: =((AD58/AD57)-1) -> #DIV/0! | AG58: 36.801207 | AK58: =((AJ58/AJ57)-1) -> #DIV/0!
B59: 39387 | E59: =((D59/D58)-1) -> #DIV/0! | F59: =IF(DAY(J$11)=0,"",IF(MONTH(J$11)<>MONTH($B59),"",YEAR($B59)-YEAR(J$11))) | H59: 0 | I59: =I58*(1+H59) -> 0 | L59: =D59+J59 -> 0 | M59: =I59+K59 -> 0 | P59: =((O59/O58)-1) -> #DIV/0! | Q59: =IF(DAY(U$11)=0,"",IF(MONTH(U$11)<>MONTH($B59),"",YEAR($B59)-YEAR(U$11))) | S59: 0 | T59: =T58*(1+S59) -> 0 | W59: =O59+U59 -> 0 | X59: =T59+V59 -> 0 | AA59: 39387 | AB59: =L59+W59 -> 0 | AC59: =((AB59/AB58)-1) -> #DIV/0! | AD59: =M59+X59 -> 0 | AE59: =((AD59/AD58)-1) -> #DIV/0! | AG59: 36.91161 | AK59: =((AJ59/AJ58)-1) -> #DIV/0!
B60: 39417 | E60: =((D60/D59)-1) -> #DIV/0! | F60: =IF(DAY(J$11)=0,"",IF(MONTH(J$11)<>MONTH($B60),"",YEAR($B60)-YEAR(J$11))) | H60: 0 | I60: =I59*(1+H60) -> 0 | L60: =D60+J60 -> 0 | M60: =I60+K60 -> 0 | P60: =((O60/O59)-1) -> #DIV/0! | Q60: =IF(DAY(U$11)=0,"",IF(MONTH(U$11)<>MONTH($B60),"",YEAR($B60)-YEAR(U$11))) | S60: 0 | T60: =T59*(1+S60) -> 0 | W60: =O60+U60 -> 0 | X60: =T60+V60 -> 0 | AA60: 39417 | AB60: =L60+W60 -> 0 | AC60: =((AB60/AB59)-1) -> #DIV/0! | AD60: =M60+X60 -> 0 | AE60: =((AD60/AD59)-1) -> #DIV/0! | AG60: 37.070329 | AK60: =((AJ60/AJ59)-1) -> #DIV/0!
A61: 2008 | B61: 39448 | E61: =((D61/D60)-1) -> #DIV/0! | F61: =IF(DAY(J$11)=0,"",IF(MONTH(J$11)<>MONTH($B61),"",YEAR($B61)-YEAR(J$11))) | H61: 0 | I61: =I60*(1+H61) -> 0 | L61: =D61+J61 -> 0 | M61: =I61+K61 -> 0 | P61: =((O61/O60)-1) -> #DIV/0! | Q61: =IF(DAY(U$11)=0,"",IF(MONTH(U$11)<>MONTH($B61),"",YEAR($B61)-YEAR(U$11))) | S61: 0 | T61: =T60*(1+S61) -> 0 | W61: =O61+U61 -> 0 | X61: =T61+V61 -> 0 | Z61: 2008 | AA61: 39448 | AB61: =L61+W61 -> 0 | AC61: =((AB61/AB60)-1) -> #DIV/0! | AD61: =M61+X61 -> 0 | AE61: =((AD61/AD60)-1) -> #DIV/0! | AG61: 37.429911 | AK61: =((AJ61/AJ60)-1) -> #DIV/0!
B62: 39479 | E62: =((D62/D61)-1) -> #DIV/0! | F62: =IF(DAY(J$11)=0,"",IF(MONTH(J$11)<>MONTH($B62),"",YEAR($B62)-YEAR(J$11))) | H62: 0 | I62: =I61*(1+H62) -> 0 | L62: =D62+J62 -> 0 | M62: =I62+K62 -> 0 | P62: =((O62/O61)-1) -> #DIV/0! | Q62: =IF(DAY(U$11)=0,"",IF(MONTH(U$11)<>MONTH($B62),"",YEAR($B62)-YEAR(U$11))) | S62: 0 | T62: =T61*(1+S62) -> 0 | W62: =O62+U62 -> 0 | X62: =T62+V62 -> 0 | AA62: 39479 | AB62: =L62+W62 -> 0 | AC62: =((AB62/AB61)-1) -> #DIV/0! | AD62: =M62+X62 -> 0 | AE62: =((AD62/AD61)-1) -> #DIV/0! | AG62: 37.688177 | AK62: =((AJ62/AJ61)-1) -> #DIV/0!
B63: 39508 | E63: =((D63/D62)-1) -> #DIV/0! | F63: =IF(DAY(J$11)=0,"",IF(MONTH(J$11)<>MONTH($B63),"",YEAR($B63)-YEAR(J$11))) | H63: 0 | I63: =I62*(1+H63) -> 0 | L63: =D63+J63 -> 0 | M63: =I63+K63 -> 0 | P63: =((O63/O62)-1) -> #DIV/0! | Q63: =IF(DAY(U$11)=0,"",IF(MONTH(U$11)<>MONTH($B63),"",YEAR($B63)-YEAR(U$11))) | S63: 0 | T63: =T62*(1+S63) -> 0 | W63: =O63+U63 -> 0 | X63: =T63+V63 -> 0 | AA63: 39508 | AB63: =L63+W63 -> 0 | AC63: =((AB63/AB62)-1) -> #DIV/0! | AD63: =M63+X63 -> 0 | AE63: =((AD63/AD62)-1) -> #DIV/0! | AG63: 37.86908 | AK63: =((AJ63/AJ62)-1) -> #DIV/0!
B64: 39539 | E64: =((D64/D63)-1) -> #DIV/0! | F64: =IF(DAY(J$11)=0,"",IF(MONTH(J$11)<>MONTH($B64),"",YEAR($B64)-YEAR(J$11))) | H64: 0 | I64: =I63*(1+H64) -> 0 | L64: =D64+J64 -> 0 | M64: =I64+K64 -> 0 | P64: =((O64/O63)-1) -> #DIV/0! | Q64: =IF(DAY(U$11)=0,"",IF(MONTH(U$11)<>MONTH($B64),"",YEAR($B64)-YEAR(U$11))) | S64: 0 | T64: =T63*(1+S64) -> 0 | W64: =O64+U64 -> 0 | X64: =T64+V64 -> 0 | AA64: 39539 | AB64: =L64+W64 -> 0 | AC64: =((AB64/AB63)-1) -> #DIV/0! | AD64: =M64+X64 -> 0 | AE64: =((AD64/AD63)-1) -> #DIV/0! | AG64: 38.062212 | AK64: =((AJ64/AJ63)-1) -> #DIV/0!
B65: 39569 | E65: =((D65/D64)-1) -> #DIV/0! | F65: =IF(DAY(J$11)=0,"",IF(MONTH(J$11)<>MONTH($B65),"",YEAR($B65)-YEAR(J$11))) | H65: 0 | I65: =I64*(1+H65) -> 0 | L65: =D65+J65 -> 0 | M65: =I65+K65 -> 0 | P65: =((O65/O64)-1) -> #DIV/0! | Q65: =IF(DAY(U$11)=0,"",IF(MONTH(U$11)<>MONTH($B65),"",YEAR($B65)-YEAR(U$11))) | S65: 0 | T65: =T64*(1+S65) -> 0 | W65: =O65+U65 -> 0 | X65: =T65+V65 -> 0 | AA65: 39569 | AB65: =L65+W65 -> 0 | AC65: =((AB65/AB64)-1) -> #DIV/0! | AD65: =M65+X65 -> 0 | AE65: =((AD65/AD64)-1) -> #DIV/0! | AG65: 38.30581 | AK65: =((AJ65/AJ64)-1) -> #DIV/0!
B66: 39600 | E66: =((D66/D65)-1) -> #DIV/0! | F66: =IF(DAY(J$11)=0,"",IF(MONTH(J$11)<>MONTH($B66),"",YEAR($B66)-YEAR(J$11))) | H66: 0 | I66: =I65*(1+H66) -> 0 | L66: =D66+J66 -> 0 | M66: =I66+K66 -> 0 | P66: =((O66/O65)-1) -> #DIV/0! | Q66: =IF(DAY(U$11)=0,"",IF(MONTH(U$11)<>MONTH($B66),"",YEAR($B66)-YEAR(U$11))) | S66: 0 | T66: =T65*(1+S66) -> 0 | W66: =O66+U66 -> 0 | X66: =T66+V66 -> 0 | AA66: 39600 | AB66: =L66+W66 -> 0 | AC66: =((AB66/AB65)-1) -> #DIV/0! | AD66: =M66+X66 -> 0 | AE66: =((AD66/AD65)-1) -> #DIV/0! | AG66: 38.673545 | AK66: =((AJ66/AJ65)-1) -> #DIV/0!
B67: 39630 | E67: =((D67/D66)-1) -> #DIV/0! | F67: =IF(DAY(J$11)=0,"",IF(MONTH(J$11)<>MONTH($B67),"",YEAR($B67)-YEAR(J$11))) | G67: Anual | H67: 0.0548 | I67: =I66*(1+H67) -> 0 | L67: =D67+J67 -> 0 | M67: =I67+K67 -> 0 | P67: =((O67/O66)-1) -> #DIV/0! | Q67: =IF(DAY(U$11)=0,"",IF(MONTH(U$11)<>MONTH($B67),"",YEAR($B67)-YEAR(U$11))) | R67: Anual | S67: 0.0548 | T67: =T66*(1+S67) -> 0 | W67: =O67+U67 -> 0 | X67: =T67+V67 -> 0 | AA67: 39630 | AB67: =L67+W67 -> 0 | AC67: =((AB67/AB66)-1) -> #DIV/0! | AD67: =M67+X67 -> 0 | AE67: =((AD67/AD66)-1) -> #DIV/0! | AG67: 39.025474 | AK67: =((AJ67/AJ66)-1) -> #DIV/0!
B68: 39661 | E68: =((D68/D67)-1) -> #DIV/0! | F68: =IF(DAY(J$11)=0,"",IF(MONTH(J$11)<>MONTH($B68),"",YEAR($B68)-YEAR(J$11))) | H68: 0 | I68: =I67*(1+H68) -> 0 | L68: =D68+J68 -> 0 | M68: =I68+K68 -> 0 | P68: =((O68/O67)-1) -> #DIV/0! | Q68: =IF(DAY(U$11)=0,"",IF(MONTH(U$11)<>MONTH($B68),"",YEAR($B68)-YEAR(U$11))) | S68: 0 | T68: =T67*(1+S68) -> 0 | W68: =O68+U68 -> 0 | X68: =T68+V68 -> 0 | AA68: 39661 | AB68: =L68+W68 -> 0 | AC68: =((AB68/AB67)-1) -> #DIV/0! | AD68: =M68+X68 -> 0 | AE68: =((AD68/AD67)-1) -> #DIV/0! | AG68: 39.251821 | AK68: =((AJ68/AJ67)-1) -> #DIV/0!
B69: 39692 | E69: =((D69/D68)-1) -> #DIV/0! | F69: =IF(DAY(J$11)=0,"",IF(MONTH(J$11)<>MONTH($B69),"",YEAR($B69)-YEAR(J$11))) | H69: 0 | I69: =I68*(1+H69) -> 0 | L69: =D69+J69 -> 0 | M69: =I69+K69 -> 0 | P69: =((O69/O68)-1) -> #DIV/0! | Q69: =IF(DAY(U$11)=0,"",IF(MONTH(U$11)<>MONTH($B69),"",YEAR($B69)-YEAR(U$11))) | S69: 0 | T69: =T68*(1+S69) -> 0 | W69: =O69+U69 -> 0 | X69: =T69+V69 -> 0 | AA69: 39692 | AB69: =L69+W69 -> 0 | AC69: =((AB69/AB68)-1) -> #DIV/0! | AD69: =M69+X69 -> 0 | AE69: =((AD69/AD68)-1) -> #DIV/0! | AG69: 39.334249 | AK69: =((AJ69/AJ68)-1) -> #DIV/0!
B70: 39722 | E70: =((D70/D69)-1) -> #DIV/0! | F70: =IF(DAY(J$11)=0,"",IF(MONTH(J$11)<>MONTH($B70),"",YEAR($B70)-YEAR(J$11))) | H70: 0 | I70: =I69*(1+H70) -> 0 | L70: =D70+J70 -> 0 | M70: =I70+K70 -> 0 | P70: =((O70/O69)-1) -> #DIV/0! | Q70: =IF(DAY(U$11)=0,"",IF(MONTH(U$11)<>MONTH($B70),"",YEAR($B70)-YEAR(U$11))) | S70: 0 | T70: =T69*(1+S70) -> 0 | W70: =O70+U70 -> 0 | X70: =T70+V70 -> 0 | AA70: 39722 | AB70: =L70+W70 -> 0 | AC70: =((AB70/AB69)-1) -> #DIV/0! | AD70: =M70+X70 -> 0 | AE70: =((AD70/AD69)-1) -> #DIV/0! | AG70: 39.39325 | AK70: =((AJ70/AJ69)-1) -> #DIV/0!
B71: 39753 | E71: =((D71/D70)-1) -> #DIV/0! | F71: =IF(DAY(J$11)=0,"",IF(MONTH(J$11)<>MONTH($B71),"",YEAR($B71)-YEAR(J$11))) | H71: 0 | I71: =I70*(1+H71) -> 0 | L71: =D71+J71 -> 0 | M71: =I71+K71 -> 0 | P71: =((O71/O70)-1) -> #DIV/0! | Q71: =IF(DAY(U$11)=0,"",IF(MONTH(U$11)<>MONTH($B71),"",YEAR($B71)-YEAR(U$11))) | S71: 0 | T71: =T70*(1+S71) -> 0 | W71: =O71+U71 -> 0 | X71: =T71+V71 -> 0 | AA71: 39753 | AB71: =L71+W71 -> 0 | AC71: =((AB71/AB70)-1) -> #DIV/0! | AD71: =M71+X71 -> 0 | AE71: =((AD71/AD70)-1) -> #DIV/0! | AG71: 39.590216 | AK71: =((AJ71/AJ70)-1) -> #DIV/0!
B72: 39783 | E72: =((D72/D71)-1) -> #DIV/0! | F72: =IF(DAY(J$11)=0,"",IF(MONTH(J$11)<>MONTH($B72),"",YEAR($B72)-YEAR(J$11))) | H72: 0 | I72: =I71*(1+H72) -> 0 | L72: =D72+J72 -> 0 | M72: =I72+K72 -> 0 | P72: =((O72/O71)-1) -> #DIV/0! | Q72: =IF(DAY(U$11)=0,"",IF(MONTH(U$11)<>MONTH($B72),"",YEAR($B72)-YEAR(U$11))) | S72: 0 | T72: =T71*(1+S72) -> 0 | W72: =O72+U72 -> 0 | X72: =T72+V72 -> 0 | AA72: 39783 | AB72: =L72+W72 -> 0 | AC72: =((AB72/AB71)-1) -> #DIV/0! | AD72: =M72+X72 -> 0 | AE72: =((AD72/AD71)-1) -> #DIV/0! | AG72: 39.740658 | AK72: =((AJ72/AJ71)-1) -> #DIV/0!
A73: 2009 | B73: 39814 | E73: =((D73/D72)-1) -> #DIV/0! | F73: =IF(DAY(J$11)=0,"",IF(MONTH(J$11)<>MONTH($B73),"",YEAR($B73)-YEAR(J$11))) | H73: 0 | I73: =I72*(1+H73) -> 0 | L73: =D73+J73 -> 0 | M73: =I73+K73 -> 0 | P73: =((O73/O72)-1) -> #DIV/0! | Q73: =IF(DAY(U$11)=0,"",IF(MONTH(U$11)<>MONTH($B73),"",YEAR($B73)-YEAR(U$11))) | S73: 0 | T73: =T72*(1+S73) -> 0 | W73: =O73+U73 -> 0 | X73: =T73+V73 -> 0 | Z73: 2009 | AA73: 39814 | AB73: =L73+W73 -> 0 | AC73: =((AB73/AB72)-1) -> #DIV/0! | AD73: =M73+X73 -> 0 | AE73: =((AD73/AD72)-1) -> #DIV/0! | AG73: 39.855905 | AK73: =((AJ73/AJ72)-1) -> #DIV/0!
B74: 39845 | E74: =((D74/D73)-1) -> #DIV/0! | F74: =IF(DAY(J$11)=0,"",IF(MONTH(J$11)<>MONTH($B74),"",YEAR($B74)-YEAR(J$11))) | H74: 0 | I74: =I73*(1+H74) -> 0 | L74: =D74+J74 -> 0 | M74: =I74+K74 -> 0 | P74: =((O74/O73)-1) -> #DIV/0! | Q74: =IF(DAY(U$11)=0,"",IF(MONTH(U$11)<>MONTH($B74),"",YEAR($B74)-YEAR(U$11))) | S74: 0 | T74: =T73*(1+S74) -> 0 | W74: =O74+U74 -> 0 | X74: =T74+V74 -> 0 | AA74: 39845 | AB74: =L74+W74 -> 0 | AC74: =((AB74/AB73)-1) -> #DIV/0! | AD74: =M74+X74 -> 0 | AE74: =((AD74/AD73)-1) -> #DIV/0! | AG74: 40.110982 | AK74: =((AJ74/AJ73)-1) -> #DIV/0!
B75: 39873 | E75: =((D75/D74)-1) -> #DIV/0! | F75: =IF(DAY(J$11)=0,"",IF(MONTH(J$11)<>MONTH($B75),"",YEAR($B75)-YEAR(J$11))) | H75: 0 | I75: =I74*(1+H75) -> 0 | L75: =D75+J75 -> 0 | M75: =I75+K75 -> 0 | P75: =((O75/O74)-1) -> #DIV/0! | Q75: =IF(DAY(U$11)=0,"",IF(MONTH(U$11)<>MONTH($B75),"",YEAR($B75)-YEAR(U$11))) | S75: 0 | T75: =T74*(1+S75) -> 0 | W75: =O75+U75 -> 0 | X75: =T75+V75 -> 0 | AA75: 39873 | AB75: =L75+W75 -> 0 | AC75: =((AB75/AB74)-1) -> #DIV/0! | AD75: =M75+X75 -> 0 | AE75: =((AD75/AD74)-1) -> #DIV/0! | AG75: 40.235326 | AK75: =((AJ75/AJ74)-1) -> #DIV/0!
B76: 39904 | E76: =((D76/D75)-1) -> #DIV/0! | F76: =IF(DAY(J$11)=0,"",IF(MONTH(J$11)<>MONTH($B76),"",YEAR($B76)-YEAR(J$11))) | H76: 0 | I76: =I75*(1+H76) -> 0 | L76: =D76+J76 -> 0 | M76: =I76+K76 -> 0 | P76: =((O76/O75)-1) -> #DIV/0! | Q76: =IF(DAY(U$11)=0,"",IF(MONTH(U$11)<>MONTH($B76),"",YEAR($B76)-YEAR(U$11))) | S76: 0 | T76: =T75*(1+S76) -> 0 | W76: =O76+U76 -> 0 | X76: =T76+V76 -> 0 | AA76: 39904 | AB76: =L76+W76 -> 0 | AC76: =((AB76/AB75)-1) -> #DIV/0! | AD76: =M76+X76 -> 0 | AE76: =((AD76/AD75)-1) -> #DIV/0! | AG76: 40.315796 | AK76: =((AJ76/AJ75)-1) -> #DIV/0!
B77: 39934 | E77: =((D77/D76)-1) -> #DIV/0! | F77: =IF(DAY(J$11)=0,"",IF(MONTH(J$11)<>MONTH($B77),"",YEAR($B77)-YEAR(J$11))) | H77: 0 | I77: =I76*(1+H77) -> 0 | L77: =D77+J77 -> 0 | M77: =I77+K77 -> 0 | P77: =((O77/O76)-1) -> #DIV/0! | Q77: =IF(DAY(U$11)=0,"",IF(MONTH(U$11)<>MONTH($B77),"",YEAR($B77)-YEAR(U$11))) | S77: 0 | T77: =T76*(1+S77) -> 0 | W77: =O77+U77 -> 0 | X77: =T77+V77 -> 0 | AA77: 39934 | AB77: =L77+W77 -> 0 | AC77: =((AB77/AB76)-1) -> #DIV/0! | AD77: =M77+X77 -> 0 | AE77: =((AD77/AD76)-1) -> #DIV/0! | AG77: 40.537532 | AK77: =((AJ77/AJ76)-1) -> #DIV/0!
B78: 39965 | E78: =((D78/D77)-1) -> #DIV/0! | F78: =IF(DAY(J$11)=0,"",IF(MONTH(J$11)<>MONTH($B78),"",YEAR($B78)-YEAR(J$11))) | H78: 0 | I78: =I77*(1+H78) -> 0 | L78: =D78+J78 -> 0 | M78: =I78+K78 -> 0 | P78: =((O78/O77)-1) -> #DIV/0! | Q78: =IF(DAY(U$11)=0,"",IF(MONTH(U$11)<>MONTH($B78),"",YEAR($B78)-YEAR(U$11))) | S78: 0 | T78: =T77*(1+S78) -> 0 | W78: =O78+U78 -> 0 | X78: =T78+V78 -> 0 | AA78: 39965 | AB78: =L78+W78 -> 0 | AC78: =((AB78/AB77)-1) -> #DIV/0! | AD78: =M78+X78 -> 0 | AE78: =((AD78/AD77)-1) -> #DIV/0! | AG78: 40.780757 | AK78: =((AJ78/AJ77)-1) -> #DIV/0!
B79: 39995 | E79: =((D79/D78)-1) -> #DIV/0! | F79: =IF(DAY(J$11)=0,"",IF(MONTH(J$11)<>MONTH($B79),"",YEAR($B79)-YEAR(J$11))) | G79: Anual | H79: 0.0676 | I79: =I78*(1+H79) -> 0 | L79: =D79+J79 -> 0 | M79: =I79+K79 -> 0 | P79: =((O79/O78)-1) -> #DIV/0! | Q79: =IF(DAY(U$11)=0,"",IF(MONTH(U$11)<>MONTH($B79),"",YEAR($B79)-YEAR(U$11))) | R79: Anual | S79: 0.0676 | T79: =T78*(1+S79) -> 0 | W79: =O79+U79 -> 0 | X79: =T79+V79 -> 0 | AA79: 39995 | AB79: =L79+W79 -> 0 | AC79: =((AB79/AB78)-1) -> #DIV/0! | AD79: =M79+X79 -> 0 | AE79: =((AD79/AD78)-1) -> #DIV/0! | AG79: 40.952036 | AK79: =((AJ79/AJ78)-1) -> #DIV/0!
B80: 40026 | E80: =((D80/D79)-1) -> #DIV/0! | F80: =IF(DAY(J$11)=0,"",IF(MONTH(J$11)<>MONTH($B80),"",YEAR($B80)-YEAR(J$11))) | H80: 0 | I80: =I79*(1+H80) -> 0 | L80: =D80+J80 -> 0 | M80: =I80+K80 -> 0 | P80: =((O80/O79)-1) -> #DIV/0! | Q80: =IF(DAY(U$11)=0,"",IF(MONTH(U$11)<>MONTH($B80),"",YEAR($B80)-YEAR(U$11))) | S80: 0 | T80: =T79*(1+S80) -> 0 | W80: =O80+U80 -> 0 | X80: =T80+V80 -> 0 | AA80: 40026 | AB80: =L80+W80 -> 0 | AC80: =((AB80/AB79)-1) -> #DIV/0! | AD80: =M80+X80 -> 0 | AE80: =((AD80/AD79)-1) -> #DIV/0! | AG80: 41.046225 | AK80: =((AJ80/AJ79)-1) -> #DIV/0!
B81: 40057 | E81: =((D81/D80)-1) -> #DIV/0! | F81: =IF(DAY(J$11)=0,"",IF(MONTH(J$11)<>MONTH($B81),"",YEAR($B81)-YEAR(J$11))) | H81: 0 | I81: =I80*(1+H81) -> 0 | L81: =D81+J81 -> 0 | M81: =I81+K81 -> 0 | P81: =((O81/O80)-1) -> #DIV/0! | Q81: =IF(DAY(U$11)=0,"",IF(MONTH(U$11)<>MONTH($B81),"",YEAR($B81)-YEAR(U$11))) | S81: 0 | T81: =T80*(1+S81) -> 0 | W81: =O81+U81 -> 0 | X81: =T81+V81 -> 0 | AA81: 40057 | AB81: =L81+W81 -> 0 | AC81: =((AB81/AB80)-1) -> #DIV/0! | AD81: =M81+X81 -> 0 | AE81: =((AD81/AD80)-1) -> #DIV/0! | AG81: 41.079061 | AK81: =((AJ81/AJ80)-1) -> #DIV/0!
B82: 40087 | E82: =((D82/D81)-1) -> #DIV/0! | F82: =IF(DAY(J$11)=0,"",IF(MONTH(J$11)<>MONTH($B82),"",YEAR($B82)-YEAR(J$11))) | H82: 0 | I82: =I81*(1+H82) -> 0 | L82: =D82+J82 -> 0 | M82: =I82+K82 -> 0 | P82: =((O82/O81)-1) -> #DIV/0! | Q82: =IF(DAY(U$11)=0,"",IF(MONTH(U$11)<>MONTH($B82),"",YEAR($B82)-YEAR(U$11))) | S82: 0 | T82: =T81*(1+S82) -> 0 | W82: =O82+U82 -> 0 | X82: =T82+V82 -> 0 | AA82: 40087 | AB82: =L82+W82 -> 0 | AC82: =((AB82/AB81)-1) -> #DIV/0! | AD82: =M82+X82 -> 0 | AE82: =((AD82/AD81)-1) -> #DIV/0! | AG82: 41.144787 | AK82: =((AJ82/AJ81)-1) -> #DIV/0!
B83: 40118 | E83: =((D83/D82)-1) -> #DIV/0! | F83: =IF(DAY(J$11)=0,"",IF(MONTH(J$11)<>MONTH($B83),"",YEAR($B83)-YEAR(J$11))) | H83: 0 | I83: =I82*(1+H83) -> 0 | L83: =D83+J83 -> 0 | M83: =I83+K83 -> 0 | P83: =((O83/O82)-1) -> #DIV/0! | Q83: =IF(DAY(U$11)=0,"",IF(MONTH(U$11)<>MONTH($B83),"",YEAR($B83)-YEAR(U$11))) | S83: 0 | T83: =T82*(1+S83) -> 0 | W83: =O83+U83 -> 0 | X83: =T83+V83 -> 0 | AA83: 40118 | AB83: =L83+W83 -> 0 | AC83: =((AB83/AB82)-1) -> #DIV/0! | AD83: =M83+X83 -> 0 | AE83: =((AD83/AD82)-1) -> #DIV/0! | AG83: 41.243534 | AK83: =((AJ83/AJ82)-1) -> #DIV/0!
B84: 40148 | E84: =((D84/D83)-1) -> #DIV/0! | F84: =IF(DAY(J$11)=0,"",IF(MONTH(J$11)<>MONTH($B84),"",YEAR($B84)-YEAR(J$11))) | H84: 0 | I84: =I83*(1+H84) -> 0 | L84: =D84+J84 -> 0 | M84: =I84+K84 -> 0 | P84: =((O84/O83)-1) -> #DIV/0! | Q84: =IF(DAY(U$11)=0,"",IF(MONTH(U$11)<>MONTH($B84),"",YEAR($B84)-YEAR(U$11))) | S84: 0 | T84: =T83*(1+S84) -> 0 | W84: =O84+U84 -> 0 | X84: =T84+V84 -> 0 | AA84: 40148 | AB84: =L84+W84 -> 0 | AC84: =((AB84/AB83)-1) -> #DIV/0! | AD84: =M84+X84 -> 0 | AE84: =((AD84/AD83)-1) -> #DIV/0! | AG84: 41.396135 | AK84: =((AJ84/AJ83)-1) -> #DIV/0!
A85: 2010 | B85: 40179 | E85: =((D85/D84)-1) -> #DIV/0! | F85: =IF(DAY(J$11)=0,"",IF(MONTH(J$11)<>MONTH($B85),"",YEAR($B85)-YEAR(J$11))) | H85: 0 | I85: =I84*(1+H85) -> 0 | L85: =D85+J85 -> 0 | M85: =I85+K85 -> 0 | P85: =((O85/O84)-1) -> #DIV/0! | Q85: =IF(DAY(U$11)=0,"",IF(MONTH(U$11)<>MONTH($B85),"",YEAR($B85)-YEAR(U$11))) | S85: 0 | T85: =T84*(1+S85) -> 0 | W85: =O85+U85 -> 0 | X85: =T85+V85 -> 0 | Z85: 2010 | AA85: 40179 | AB85: =L85+W85 -> 0 | AC85: =((AB85/AB84)-1) -> #DIV/0! | AD85: =M85+X85 -> 0 | AE85: =((AD85/AD84)-1) -> #DIV/0! | AG85: 41.495485 | AK85: =((AJ85/AJ84)-1) -> #DIV/0!
B86: 40210 | E86: =((D86/D85)-1) -> #DIV/0! | F86: =IF(DAY(J$11)=0,"",IF(MONTH(J$11)<>MONTH($B86),"",YEAR($B86)-YEAR(J$11))) | H86: 0 | I86: =I85*(1+H86) -> 0 | L86: =D86+J86 -> 0 | M86: =I86+K86 -> 0 | P86: =((O86/O85)-1) -> #DIV/0! | Q86: =IF(DAY(U$11)=0,"",IF(MONTH(U$11)<>MONTH($B86),"",YEAR($B86)-YEAR(U$11))) | S86: 0 | T86: =T85*(1+S86) -> 0 | W86: =O86+U86 -> 0 | X86: =T86+V86 -> 0 | AA86: 40210 | AB86: =L86+W86 -> 0 | AC86: =((AB86/AB85)-1) -> #DIV/0! | AD86: =M86+X86 -> 0 | AE86: =((AD86/AD85)-1) -> #DIV/0! | AG86: 41.860645 | AK86: =((AJ86/AJ85)-1) -> #DIV/0!
B87: 40238 | E87: =((D87/D86)-1) -> #DIV/0! | F87: =IF(DAY(J$11)=0,"",IF(MONTH(J$11)<>MONTH($B87),"",YEAR($B87)-YEAR(J$11))) | H87: 0 | I87: =I86*(1+H87) -> 0 | L87: =D87+J87 -> 0 | M87: =I87+K87 -> 0 | P87: =((O87/O86)-1) -> #DIV/0! | Q87: =IF(DAY(U$11)=0,"",IF(MONTH(U$11)<>MONTH($B87),"",YEAR($B87)-YEAR(U$11))) | S87: 0 | T87: =T86*(1+S87) -> 0 | W87: =O87+U87 -> 0 | X87: =T87+V87 -> 0 | AA87: 40238 | AB87: =L87+W87 -> 0 | AC87: =((AB87/AB86)-1) -> #DIV/0! | AD87: =M87+X87 -> 0 | AE87: =((AD87/AD86)-1) -> #DIV/0! | AG87: 42.153669 | AK87: =((AJ87/AJ86)-1) -> #DIV/0!
B88: 40269 | E88: =((D88/D87)-1) -> #DIV/0! | F88: =IF(DAY(J$11)=0,"",IF(MONTH(J$11)<>MONTH($B88),"",YEAR($B88)-YEAR(J$11))) | H88: 0 | I88: =I87*(1+H88) -> 0 | L88: =D88+J88 -> 0 | M88: =I88+K88 -> 0 | P88: =((O88/O87)-1) -> #DIV/0! | Q88: =IF(DAY(U$11)=0,"",IF(MONTH(U$11)<>MONTH($B88),"",YEAR($B88)-YEAR(U$11))) | S88: 0 | T88: =T87*(1+S88) -> 0 | W88: =O88+U88 -> 0 | X88: =T88+V88 -> 0 | AA88: 40269 | AB88: =L88+W88 -> 0 | AC88: =((AB88/AB87)-1) -> #DIV/0! | AD88: =M88+X88 -> 0 | AE88: =((AD88/AD87)-1) -> #DIV/0! | AG88: 42.45296 | AK88: =((AJ88/AJ87)-1) -> #DIV/0!
B89: 40299 | E89: =((D89/D88)-1) -> #DIV/0! | F89: =IF(DAY(J$11)=0,"",IF(MONTH(J$11)<>MONTH($B89),"",YEAR($B89)-YEAR(J$11))) | H89: 0 | I89: =I88*(1+H89) -> 0 | L89: =D89+J89 -> 0 | M89: =I89+K89 -> 0 | P89: =((O89/O88)-1) -> #DIV/0! | Q89: =IF(DAY(U$11)=0,"",IF(MONTH(U$11)<>MONTH($B89),"",YEAR($B89)-YEAR(U$11))) | S89: 0 | T89: =T88*(1+S89) -> 0 | W89: =O89+U89 -> 0 | X89: =T89+V89 -> 0 | AA89: 40299 | AB89: =L89+W89 -> 0 | AC89: =((AB89/AB88)-1) -> #DIV/0! | AD89: =M89+X89 -> 0 | AE89: =((AD89/AD88)-1) -> #DIV/0! | AG89: 42.762866 | AK89: =((AJ89/AJ88)-1) -> #DIV/0!
B90: 40330 | E90: =((D90/D89)-1) -> #DIV/0! | F90: =IF(DAY(J$11)=0,"",IF(MONTH(J$11)<>MONTH($B90),"",YEAR($B90)-YEAR(J$11))) | H90: 0 | I90: =I89*(1+H90) -> 0 | L90: =D90+J90 -> 0 | M90: =I90+K90 -> 0 | P90: =((O90/O89)-1) -> #DIV/0! | Q90: =IF(DAY(U$11)=0,"",IF(MONTH(U$11)<>MONTH($B90),"",YEAR($B90)-YEAR(U$11))) | S90: 0 | T90: =T89*(1+S90) -> 0 | W90: =O90+U90 -> 0 | X90: =T90+V90 -> 0 | AA90: 40330 | AB90: =L90+W90 -> 0 | AC90: =((AB90/AB89)-1) -> #DIV/0! | AD90: =M90+X90 -> 0 | AE90: =((AD90/AD89)-1) -> #DIV/0! | AG90: 42.946746 | AK90: =((AJ90/AJ89)-1) -> #DIV/0!
B91: 40360 | E91: =((D91/D90)-1) -> #DIV/0! | F91: =IF(DAY(J$11)=0,"",IF(MONTH(J$11)<>MONTH($B91),"",YEAR($B91)-YEAR(J$11))) | G91: Anual | H91: 0.0673 | I91: =I90*(1+H91) -> 0 | L91: =D91+J91 -> 0 | M91: =I91+K91 -> 0 | P91: =((O91/O90)-1) -> #DIV/0! | Q91: =IF(DAY(U$11)=0,"",IF(MONTH(U$11)<>MONTH($B91),"",YEAR($B91)-YEAR(U$11))) | R91: Anual | S91: 0.0673 | T91: =T90*(1+S91) -> 0 | W91: =O91+U91 -> 0 | X91: =T91+V91 -> 0 | AA91: 40360 | AB91: =L91+W91 -> 0 | AC91: =((AB91/AB90)-1) -> #DIV/0! | AD91: =M91+X91 -> 0 | AE91: =((AD91/AD90)-1) -> #DIV/0! | AG91: 42.899504 | AK91: =((AJ91/AJ90)-1) -> #DIV/0!
B92: 40391 | E92: =((D92/D91)-1) -> #DIV/0! | F92: =IF(DAY(J$11)=0,"",IF(MONTH(J$11)<>MONTH($B92),"",YEAR($B92)-YEAR(J$11))) | H92: 0 | I92: =I91*(1+H92) -> 0 | L92: =D92+J92 -> 0 | M92: =I92+K92 -> 0 | P92: =((O92/O91)-1) -> #DIV/0! | Q92: =IF(DAY(U$11)=0,"",IF(MONTH(U$11)<>MONTH($B92),"",YEAR($B92)-YEAR(U$11))) | S92: 0 | T92: =T91*(1+S92) -> 0 | W92: =O92+U92 -> 0 | X92: =T92+V92 -> 0 | AA92: 40391 | AB92: =L92+W92 -> 0 | AC92: =((AB92/AB91)-1) -> #DIV/0! | AD92: =M92+X92 -> 0 | AE92: =((AD92/AD91)-1) -> #DIV/0! | AG92: 42.869474 | AK92: =((AJ92/AJ91)-1) -> #DIV/0!
B93: 40422 | E93: =((D93/D92)-1) -> #DIV/0! | F93: =IF(DAY(J$11)=0,"",IF(MONTH(J$11)<>MONTH($B93),"",YEAR($B93)-YEAR(J$11))) | H93: 0 | I93: =I92*(1+H93) -> 0 | L93: =D93+J93 -> 0 | M93: =I93+K93 -> 0 | P93: =((O93/O92)-1) -> #DIV/0! | Q93: =IF(DAY(U$11)=0,"",IF(MONTH(U$11)<>MONTH($B93),"",YEAR($B93)-YEAR(U$11))) | S93: 0 | T93: =T92*(1+S93) -> 0 | W93: =O93+U93 -> 0 | X93: =T93+V93 -> 0 | AA93: 40422 | AB93: =L93+W93 -> 0 | AC93: =((AB93/AB92)-1) -> #DIV/0! | AD93: =M93+X93 -> 0 | AE93: =((AD93/AD92)-1) -> #DIV/0! | AG93: 42.839465 | AK93: =((AJ93/AJ92)-1) -> #DIV/0!
B94: 40452 | E94: =((D94/D93)-1) -> #DIV/0! | F94: =IF(DAY(J$11)=0,"",IF(MONTH(J$11)<>MONTH($B94),"",YEAR($B94)-YEAR(J$11))) | H94: 0 | I94: =I93*(1+H94) -> 0 | L94: =D94+J94 -> 0 | M94: =I94+K94 -> 0 | P94: =((O94/O93)-1) -> #DIV/0! | Q94: =IF(DAY(U$11)=0,"",IF(MONTH(U$11)<>MONTH($B94),"",YEAR($B94)-YEAR(U$11))) | S94: 0 | T94: =T93*(1+S94) -> 0 | W94: =O94+U94 -> 0 | X94: =T94+V94 -> 0 | AA94: 40452 | AB94: =L94+W94 -> 0 | AC94: =((AB94/AB93)-1) -> #DIV/0! | AD94: =M94+X94 -> 0 | AE94: =((AD94/AD93)-1) -> #DIV/0! | AG94: 43.070798 | AK94: =((AJ94/AJ93)-1) -> #DIV/0!
B95: 40483 | E95: =((D95/D94)-1) -> #DIV/0! | F95: =IF(DAY(J$11)=0,"",IF(MONTH(J$11)<>MONTH($B95),"",YEAR($B95)-YEAR(J$11))) | H95: 0 | I95: =I94*(1+H95) -> 0 | L95: =D95+J95 -> 0 | M95: =I95+K95 -> 0 | P95: =((O95/O94)-1) -> #DIV/0! | Q95: =IF(DAY(U$11)=0,"",IF(MONTH(U$11)<>MONTH($B95),"",YEAR($B95)-YEAR(U$11))) | S95: 0 | T95: =T94*(1+S95) -> 0 | W95: =O95+U95 -> 0 | X95: =T95+V95 -> 0 | AA95: 40483 | AB95: =L95+W95 -> 0 | AC95: =((AB95/AB94)-1) -> #DIV/0! | AD95: =M95+X95 -> 0 | AE95: =((AD95/AD94)-1) -> #DIV/0! | AG95: 43.467049 | AK95: =((AJ95/AJ94)-1) -> #DIV/0!
B96: 40513 | E96: =((D96/D95)-1) -> #DIV/0! | F96: =IF(DAY(J$11)=0,"",IF(MONTH(J$11)<>MONTH($B96),"",YEAR($B96)-YEAR(J$11))) | H96: 0 | I96: =I95*(1+H96) -> 0 | L96: =D96+J96 -> 0 | M96: =I96+K96 -> 0 | P96: =((O96/O95)-1) -> #DIV/0! | Q96: =IF(DAY(U$11)=0,"",IF(MONTH(U$11)<>MONTH($B96),"",YEAR($B96)-YEAR(U$11))) | S96: 0 | T96: =T95*(1+S96) -> 0 | W96: =O96+U96 -> 0 | X96: =T96+V96 -> 0 | AA96: 40513 | AB96: =L96+W96 -> 0 | AC96: =((AB96/AB95)-1) -> #DIV/0! | AD96: =M96+X96 -> 0 | AE96: =((AD96/AD95)-1) -> #DIV/0! | AG96: 43.914759 | AK96: =((AJ96/AJ95)-1) -> #DIV/0!
A97: 2011 | B97: 40544 | E97: =((D97/D96)-1) -> #DIV/0! | F97: =IF(DAY(J$11)=0,"",IF(MONTH(J$11)<>MONTH($B97),"",YEAR($B97)-YEAR(J$11))) | H97: 0 | I97: =I96*(1+H97) -> 0 | L97: =D97+J97 -> 0 | M97: =I97+K97 -> 0 | P97: =((O97/O96)-1) -> #DIV/0! | Q97: =IF(DAY(U$11)=0,"",IF(MONTH(U$11)<>MONTH($B97),"",YEAR($B97)-YEAR(U$11))) | S97: 0 | T97: =T96*(1+S97) -> 0 | W97: =O97+U97 -> 0 | X97: =T97+V97 -> 0 | Z97: 2011 | AA97: 40544 | AB97: =L97+W97 -> 0 | AC97: =((AB97/AB96)-1) -> #DIV/0! | AD97: =M97+X97 -> 0 | AE97: =((AD97/AD96)-1) -> #DIV/0! | AG97: 44.178247 | AK97: =((AJ97/AJ96)-1) -> #DIV/0!
B98: 40575 | E98: =((D98/D97)-1) -> #DIV/0! | F98: =IF(DAY(J$11)=0,"",IF(MONTH(J$11)<>MONTH($B98),"",YEAR($B98)-YEAR(J$11))) | H98: 0 | I98: =I97*(1+H98) -> 0 | L98: =D98+J98 -> 0 | M98: =I98+K98 -> 0 | P98: =((O98/O97)-1) -> #DIV/0! | Q98: =IF(DAY(U$11)=0,"",IF(MONTH(U$11)<>MONTH($B98),"",YEAR($B98)-YEAR(U$11))) | S98: 0 | T98: =T97*(1+S98) -> 0 | W98: =O98+U98 -> 0 | X98: =T98+V98 -> 0 | AA98: 40575 | AB98: =L98+W98 -> 0 | AC98: =((AB98/AB97)-1) -> #DIV/0! | AD98: =M98+X98 -> 0 | AE98: =((AD98/AD97)-1) -> #DIV/0! | AG98: 44.593522 | AK98: =((AJ98/AJ97)-1) -> #DIV/0!
B99: 40603 | E99: =((D99/D98)-1) -> #DIV/0! | F99: =IF(DAY(J$11)=0,"",IF(MONTH(J$11)<>MONTH($B99),"",YEAR($B99)-YEAR(J$11))) | H99: 0 | I99: =I98*(1+H99) -> 0 | L99: =D99+J99 -> 0 | M99: =I99+K99 -> 0 | P99: =((O99/O98)-1) -> #DIV/0! | Q99: =IF(DAY(U$11)=0,"",IF(MONTH(U$11)<>MONTH($B99),"",YEAR($B99)-YEAR(U$11))) | S99: 0 | T99: =T98*(1+S99) -> 0 | W99: =O99+U99 -> 0 | X99: =T99+V99 -> 0 | AA99: 40603 | AB99: =L99+W99 -> 0 | AC99: =((AB99/AB98)-1) -> #DIV/0! | AD99: =M99+X99 -> 0 | AE99: =((AD99/AD98)-1) -> #DIV/0! | AG99: 44.834327 | AK99: =((AJ99/AJ98)-1) -> #DIV/0!
B100: 40634 | E100: =((D100/D99)-1) -> #DIV/0! | F100: =IF(DAY(J$11)=0,"",IF(MONTH(J$11)<>MONTH($B100),"",YEAR($B100)-YEAR(J$11))) | H100: 0 | I100: =I99*(1+H100) -> 0 | L100: =D100+J100 -> 0 | M100: =I100+K100 -> 0 | P100: =((O100/O99)-1) -> #DIV/0! | Q100: =IF(DAY(U$11)=0,"",IF(MONTH(U$11)<>MONTH($B100),"",YEAR($B100)-YEAR(U$11))) | S100: 0 | T100: =T99*(1+S100) -> 0 | W100: =O100+U100 -> 0 | X100: =T100+V100 -> 0 | AA100: 40634 | AB100: =L100+W100 -> 0 | AC100: =((AB100/AB99)-1) -> #DIV/0! | AD100: =M100+X100 -> 0 | AE100: =((AD100/AD99)-1) -> #DIV/0! | AG100: 45.130233 | AK100: =((AJ100/AJ99)-1) -> #DIV/0!
B101: 40664 | E101: =((D101/D100)-1) -> #DIV/0! | F101: =IF(DAY(J$11)=0,"",IF(MONTH(J$11)<>MONTH($B101),"",YEAR($B101)-YEAR(J$11))) | H101: 0 | I101: =I100*(1+H101) -> 0 | L101: =D101+J101 -> 0 | M101: =I101+K101 -> 0 | P101: =((O101/O100)-1) -> #DIV/0! | Q101: =IF(DAY(U$11)=0,"",IF(MONTH(U$11)<>MONTH($B101),"",YEAR($B101)-YEAR(U$11))) | S101: 0 | T101: =T100*(1+S101) -> 0 | W101: =O101+U101 -> 0 | X101: =T101+V101 -> 0 | AA101: 40664 | AB101: =L101+W101 -> 0 | AC101: =((AB101/AB100)-1) -> #DIV/0! | AD101: =M101+X101 -> 0 | AE101: =((AD101/AD100)-1) -> #DIV/0! | AG101: 45.45517 | AK101: =((AJ101/AJ100)-1) -> #DIV/0!
B102: 40695 | E102: =((D102/D101)-1) -> #DIV/0! | F102: =IF(DAY(J$11)=0,"",IF(MONTH(J$11)<>MONTH($B102),"",YEAR($B102)-YEAR(J$11))) | H102: 0 | I102: =I101*(1+H102) -> 0 | L102: =D102+J102 -> 0 | M102: =I102+K102 -> 0 | P102: =((O102/O101)-1) -> #DIV/0! | Q102: =IF(DAY(U$11)=0,"",IF(MONTH(U$11)<>MONTH($B102),"",YEAR($B102)-YEAR(U$11))) | S102: 0 | T102: =T101*(1+S102) -> 0 | W102: =O102+U102 -> 0 | X102: =T102+V102 -> 0 | AA102: 40695 | AB102: =L102+W102 -> 0 | AC102: =((AB102/AB101)-1) -> #DIV/0! | AD102: =M102+X102 -> 0 | AE102: =((AD102/AD101)-1) -> #DIV/0! | AG102: 45.714264 | AK102: =((AJ102/AJ101)-1) -> #DIV/0!
B103: 40725 | E103: =((D103/D102)-1) -> #DIV/0! | F103: =IF(DAY(J$11)=0,"",IF(MONTH(J$11)<>MONTH($B103),"",YEAR($B103)-YEAR(J$11))) | G103: Anual | H103: 0.0769 | I103: =I102*(1+H103) -> 0 | L103: =D103+J103 -> 0 | M103: =I103+K103 -> 0 | P103: =((O103/O102)-1) -> #DIV/0! | Q103: =IF(DAY(U$11)=0,"",IF(MONTH(U$11)<>MONTH($B103),"",YEAR($B103)-YEAR(U$11))) | R103: Anual | S103: 0.0769 | T103: =T102*(1+S103) -> 0 | W103: =O103+U103 -> 0 | X103: =T103+V103 -> 0 | AA103: 40725 | AB103: =L103+W103 -> 0 | AC103: =((AB103/AB102)-1) -> #DIV/0! | AD103: =M103+X103 -> 0 | AE103: =((AD103/AD102)-1) -> #DIV/0! | AG103: 45.814835 | AK103: =((AJ103/AJ102)-1) -> #DIV/0!
B104: 40756 | E104: =((D104/D103)-1) -> #DIV/0! | F104: =IF(DAY(J$11)=0,"",IF(MONTH(J$11)<>MONTH($B104),"",YEAR($B104)-YEAR(J$11))) | H104: 0 | I104: =I103*(1+H104) -> 0 | L104: =D104+J104 -> 0 | M104: =I104+K104 -> 0 | P104: =((O104/O103)-1) -> #DIV/0! | Q104: =IF(DAY(U$11)=0,"",IF(MONTH(U$11)<>MONTH($B104),"",YEAR($B104)-YEAR(U$11))) | S104: 0 | T104: =T103*(1+S104) -> 0 | W104: =O104+U104 -> 0 | X104: =T104+V104 -> 0 | AA104: 40756 | AB104: =L104+W104 -> 0 | AC104: =((AB104/AB103)-1) -> #DIV/0! | AD104: =M104+X104 -> 0 | AE104: =((AD104/AD103)-1) -> #DIV/0! | AG104: 45.814835 | AK104: =((AJ104/AJ103)-1) -> #DIV/0!
...

Sheet Calculo3Vidas
A1: DEMONSTRATIVO DE CÁLCULO
M3: Corr. monet. | N3: 45454
M4: Índice TJSP | N4: 100.83083
D6: Plano de saúde | I6: Categoria | J6: =Relatorio!E4 -> 0 | M6: Tipo
D7: Mês aniv. cont. | E7: =Relatorio!C5 -> 0 | I7: Vigência
D9: OBJETO | E9: Reajuste por Sinistralidade
D11: Nome | I11: Data Nasc. | O11: Nome | T11: Data Nasc. | Z11: Nome | AE11: Data Nasc. | AM11: TOTAL | AU11: TOTAL
A12: Ano | B12: Mês | D12: Valor pago | E12: Reaj. aplic. | F12: Idade | G12: Tipo reaj. | H12: Reaj. devido | I12: Vl. devido | J12: Extra Pago | K12: Extra devido | L12: TOTAL PAGO | M12: TOTAL DEVIDO | N12: Diferença | O12: Valor pago | P12: Reaj. aplic. | Q12: Idade | R12: Tipo reaj. | S12: Reaj. devido | T12: Vl. devido | U12: Extra Pago | V12: Extra devido | W12: TOTAL PAGO | X12: TOTAL DEVIDO | Y12: Diferença | Z12: Valor pago | AA12: Reaj. aplic. | AB12: Idade | AC12: Tipo reaj. | AD12: Reaj. devido | AE12: Vl. devido | AF12: Extra Pago | AG12: Extra devido | AH12: TOTAL PAGO | AI12: TOTAL DEVIDO | AJ12: Diferença | AK12: Ano | AL12: Mês | AM12: Vl. tot. pago | AN12: Reaj. aplic. | AO12: Vl. tot. devido | AP12: Reaj. aplic. | AQ12: Diferença | AR12: Índ corr monet | AS12: Diferença corrigida | AU12: Vl. tot. pago | AV12: Reaj. aplic.
A13: 2004 | B13: 37987 | E13: 0 | F13: =IF(DAY(J$11)=0,"",IF(MONTH(J$11)<>MONTH($B13),"",YEAR($B13)-YEAR(J$11))) | H13: 0 | I13: =D13 -> 0 | L13: =D13+J13 -> 0 | M13: =I13+K13 -> 0 | P13: 0 | Q13: =IF(DAY(U$11)=0,"",IF(MONTH(U$11)<>MONTH($B13),"",YEAR($B13)-YEAR(U$11))) | S13: 0 | T13: =O13 -> 0 | W13: =O13+U13 -> 0 | X13: =T13+V13 -> 0 | AA13: 0 | AB13: =IF(DAY(AF$11)=0,"",IF(MONTH(AF$11)<>MONTH($B13),"",YEAR($B13)-YEAR(AF$11))) | AD13: 0 | AE13: =Z13 -> 0 | AH13: =Z13+AF13 -> 0 | AI13: =AE13+AG13 -> 0 | AK13: 2004 | AL13: 37987 | AM13: =L13+W13+AH13 -> 0 | AN13: 0 | AO13: =M13+X13+AI13 -> 0 | AP13: 0 | AR13: 31.052744 | AV13: 0
B14: 38018 | E14: =((D14/D13)-1) -> #DIV/0! | F14: =IF(DAY(J$11)=0,"",IF(MONTH(J$11)<>MONTH($B14),"",YEAR($B14)-YEAR(J$11))) | H14: 0 | I14: =I13*(1+H14) -> 0 | L14: =D14+J14 -> 0 | M14: =I14+K14 -> 0 | P14: =((O14/O13)-1) -> #DIV/0! | Q14: =IF(DAY(U$11)=0,"",IF(MONTH(U$11)<>MONTH($B14),"",YEAR($B14)-YEAR(U$11))) | S14: 0 | T14: =T13*(1+S14) -> 0 | W14: =O14+U14 -> 0 | X14: =T14+V14 -> 0 | AA14: =((Z14/Z13)-1) -> #DIV/0! | AB14: =IF(DAY(AF$11)=0,"",IF(MONTH(AF$11)<>MONTH($B14),"",YEAR($B14)-YEAR(AF$11))) | AD14: 0 | AE14: =AE13*(1+AD14) -> 0 | AH14: =Z14+AF14 -> 0 | AI14: =AE14+AG14 -> 0 | AL14: 38018 | AM14: =L14+W14+AH14 -> 0 | AN14: =((AM14/AM13)-1) -> #DIV/0! | AO14: =M14+X14+AI14 -> 0 | AP14: =((AO14/AO13)-1) -> #DIV/0! | AR14: 31.310481 | AV14: =((AU14/AU13)-1) -> #DIV/0!
B15: 38047 | E15: =((D15/D14)-1) -> #DIV/0! | F15: =IF(DAY(J$11)=0,"",IF(MONTH(J$11)<>MONTH($B15),"",YEAR($B15)-YEAR(J$11))) | H15: 0 | I15: =I14*(1+H15) -> 0 | L15: =D15+J15 -> 0 | M15: =I15+K15 -> 0 | P15: =((O15/O14)-1) -> #DIV/0! | Q15: =IF(DAY(U$11)=0,"",IF(MONTH(U$11)<>MONTH($B15),"",YEAR($B15)-YEAR(U$11))) | S15: 0 | T15: =T14*(1+S15) -> 0 | W15: =O15+U15 -> 0 | X15: =T15+V15 -> 0 | AA15: =((Z15/Z14)-1) -> #DIV/0! | AB15: =IF(DAY(AF$11)=0,"",IF(MONTH(AF$11)<>MONTH($B15),"",YEAR($B15)-YEAR(AF$11))) | AD15: 0 | AE15: =AE14*(1+AD15) -> 0 | AH15: =Z15+AF15 -> 0 | AI15: =AE15+AG15 -> 0 | AL15: 38047 | AM15: =L15+W15+AH15 -> 0 | AN15: =((AM15/AM14)-1) -> #DIV/0! | AO15: =M15+X15+AI15 -> 0 | AP15: =((AO15/AO14)-1) -> #DIV/0! | AR15: 31.432591 | AV15: =((AU15/AU14)-1) -> #DIV/0!
B16: 38078 | E16: =((D16/D15)-1) -> #DIV/0! | F16: =IF(DAY(J$11)=0,"",IF(MONTH(J$11)<>MONTH($B16),"",YEAR($B16)-YEAR(J$11))) | H16: 0 | I16: =I15*(1+H16) -> 0 | L16: =D16+J16 -> 0 | M16: =I16+K16 -> 0 | P16: =((O16/O15)-1) -> #DIV/0! | Q16: =IF(DAY(U$11)=0,"",IF(MONTH(U$11)<>MONTH($B16),"",YEAR($B16)-YEAR(U$11))) | S16: 0 | T16: =T15*(1+S16) -> 0 | W16: =O16+U16 -> 0 | X16: =T16+V16 -> 0 | AA16: =((Z16/Z15)-1) -> #DIV/0! | AB16: =IF(DAY(AF$11)=0,"",IF(MONTH(AF$11)<>MONTH($B16),"",YEAR($B16)-YEAR(AF$11))) | AD16: 0 | AE16: =AE15*(1+AD16) -> 0 | AH16: =Z16+AF16 -> 0 | AI16: =AE16+AG16 -> 0 | AL16: 38078 | AM16: =L16+W16+AH16 -> 0 | AN16: =((AM16/AM15)-1) -> #DIV/0! | AO16: =M16+X16+AI16 -> 0 | AP16: =((AO16/AO15)-1) -> #DIV/0! | AR16: 31.611756 | AV16: =((AU16/AU15)-1) -> #DIV/0!
B17: 38108 | E17: =((D17/D16)-1) -> #DIV/0! | F17: =IF(DAY(J$11)=0,"",IF(MONTH(J$11)<>MONTH($B17),"",YEAR($B17)-YEAR(J$11))) | H17: 0 | I17: =I16*(1+H17) -> 0 | L17: =D17+J17 -> 0 | M17: =I17+K17 -> 0 | P17: =((O17/O16)-1) -> #DIV/0! | Q17: =IF(DAY(U$11)=0,"",IF(MONTH(U$11)<>MONTH($B17),"",YEAR($B17)-YEAR(U$11))) | S17: 0 | T17: =T16*(1+S17) -> 0 | W17: =O17+U17 -> 0 | X17: =T17+V17 -> 0 | AA17: =((Z17/Z16)-1) -> #DIV/0! | AB17: =IF(DAY(AF$11)=0,"",IF(MONTH(AF$11)<>MONTH($B17),"",YEAR($B17)-YEAR(AF$11))) | AD17: 0 | AE17: =AE16*(1+AD17) -> 0 | AH17: =Z17+AF17 -> 0 | AI17: =AE17+AG17 -> 0 | AL17: 38108 | AM17: =L17+W17+AH17 -> 0 | AN17: =((AM17/AM16)-1) -> #DIV/0! | AO17: =M17+X17+AI17 -> 0 | AP17: =((AO17/AO16)-1) -> #DIV/0! | AR17: 31.741364 | AV17: =((AU17/AU16)-1) -> #DIV/0!
B18: 38139 | E18: =((D18/D17)-1) -> #DIV/0! | F18: =IF(DAY(J$11)=0,"",IF(MONTH(J$11)<>MONTH($B18),"",YEAR($B18)-YEAR(J$11))) | H18: 0 | I18: =I17*(1+H18) -> 0 | L18: =D18+J18 -> 0 | M18: =I18+K18 -> 0 | P18: =((O18/O17)-1) -> #DIV/0! | Q18: =IF(DAY(U$11)=0,"",IF(MONTH(U$11)<>MONTH($B18),"",YEAR($B18)-YEAR(U$11))) | S18: 0 | T18: =T17*(1+S18) -> 0 | W18: =O18+U18 -> 0 | X18: =T18+V18 -> 0 | AA18: =((Z18/Z17)-1) -> #DIV/0! | AB18: =IF(DAY(AF$11)=0,"",IF(MONTH(AF$11)<>MONTH($B18),"",YEAR($B18)-YEAR(AF$11))) | AD18: 0 | AE18: =AE17*(1+AD18) -> 0 | AH18: =Z18+AF18 -> 0 | AI18: =AE18+AG18 -> 0 | AL18: 38139 | AM18: =L18+W18+AH18 -> 0 | AN18: =((AM18/AM17)-1) -> #DIV/0! | AO18: =M18+X18+AI18 -> 0 | AP18: =((AO18/AO17)-1) -> #DIV/0! | AR18: 31.868329 | AV18: =((AU18/AU17)-1) -> #DIV/0!
B19: 38169 | E19: =((D19/D18)-1) -> #DIV/0! | F19: =IF(DAY(J$11)=0,"",IF(MONTH(J$11)<>MONTH($B19),"",YEAR($B19)-YEAR(J$11))) | G19: Anual | H19: 0.11749877 | I19: =I18*(1+H19) -> 0 | L19: =D19+J19 -> 0 | M19: =I19+K19 -> 0 | P19: =((O19/O18)-1) -> #DIV/0! | Q19: =IF(DAY(U$11)=0,"",IF(MONTH(U$11)<>MONTH($B19),"",YEAR($B19)-YEAR(U$11))) | R19: Anual | S19: 0.11749877 | T19: =T18*(1+S19) -> 0 | W19: =O19+U19 -> 0 | X19: =T19+V19 -> 0 | AA19: =((Z19/Z18)-1) -> #DIV/0! | AB19: =IF(DAY(AF$11)=0,"",IF(MONTH(AF$11)<>MONTH($B19),"",YEAR($B19)-YEAR(AF$11))) | AC19: Anual | AD19: 0.11749877 | AE19: =AE18*(1+AD19) -> 0 | AH19: =Z19+AF19 -> 0 | AI19: =AE19+AG19 -> 0 | AL19: 38169 | AM19: =L19+W19+AH19 -> 0 | AN19: =((AM19/AM18)-1) -> #DIV/0! | AO19: =M19+X19+AI19 -> 0 | AP19: =((AO19/AO18)-1) -> #DIV/0! | AR19: 32.02767 | AV19: =((AU19/AU18)-1) -> #DIV/0!
B20: 38200 | E20: =((D20/D19)-1) -> #DIV/0! | F20: =IF(DAY(J$11)=0,"",IF(MONTH(J$11)<>MONTH($B20),"",YEAR($B20)-YEAR(J$11))) | H20: 0 | I20: =I19*(1+H20) -> 0 | L20: =D20+J20 -> 0 | M20: =I20+K20 -> 0 | P20: =((O20/O19)-1) -> #DIV/0! | Q20: =IF(DAY(U$11)=0,"",IF(MONTH(U$11)<>MONTH($B20),"",YEAR($B20)-YEAR(U$11))) | S20: 0 | T20: =T19*(1+S20) -> 0 | W20: =O20+U20 -> 0 | X20: =T20+V20 -> 0 | AA20: =((Z20/Z19)-1) -> #DIV/0! | AB20: =IF(DAY(AF$11)=0,"",IF(MONTH(AF$11)<>MONTH($B20),"",YEAR($B20)-YEAR(AF$11))) | AD20: 0 | AE20: =AE19*(1+AD20) -> 0 | AH20: =Z20+AF20 -> 0 | AI20: =AE20+AG20 -> 0 | AL20: 38200 | AM20: =L20+W20+AH20 -> 0 | AN20: =((AM20/AM19)-1) -> #DIV/0! | AO20: =M20+X20+AI20 -> 0 | AP20: =((AO20/AO19)-1) -> #DIV/0! | AR20: 32.261471 | AV20: =((AU20/AU19)-1) -> #DIV/0!
B21: 38231 | E21: =((D21/D20)-1) -> #DIV/0! | F21: =IF(DAY(J$11)=0,"",IF(MONTH(J$11)<>MONTH($B21),"",YEAR($B21)-YEAR(J$11))) | H21: 0 | I21: =I20*(1+H21) -> 0 | L21: =D21+J21 -> 0 | M21: =I21+K21 -> 0 | P21: =((O21/O20)-1) -> #DIV/0! | Q21: =IF(DAY(U$11)=0,"",IF(MONTH(U$11)<>MONTH($B21),"",YEAR($B21)-YEAR(U$11))) | S21: 0 | T21: =T20*(1+S21) -> 0 | W21: =O21+U21 -> 0 | X21: =T21+V21 -> 0 | AA21: =((Z21/Z20)-1) -> #DIV/0! | AB21: =IF(DAY(AF$11)=0,"",IF(MONTH(AF$11)<>MONTH($B21),"",YEAR($B21)-YEAR(AF$11))) | AD21: 0 | AE21: =AE20*(1+AD21) -> 0 | AH21: =Z21+AF21 -> 0 | AI21: =AE21+AG21 -> 0 | AL21: 38231 | AM21: =L21+W21+AH21 -> 0 | AN21: =((AM21/AM20)-1) -> #DIV/0! | AO21: =M21+X21+AI21 -> 0 | AP21: =((AO21/AO20)-1) -> #DIV/0! | AR21: 32.422778 | AV21: =((AU21/AU20)-1) -> #DIV/0!
B22: 38261 | E22: =((D22/D21)-1) -> #DIV/0! | F22: =IF(DAY(J$11)=0,"",IF(MONTH(J$11)<>MONTH($B22),"",YEAR($B22)-YEAR(J$11))) | H22: 0 | I22: =I21*(1+H22) -> 0 | L22: =D22+J22 -> 0 | M22: =I22+K22 -> 0 | P22: =((O22/O21)-1) -> #DIV/0! | Q22: =IF(DAY(U$11)=0,"",IF(MONTH(U$11)<>MONTH($B22),"",YEAR($B22)-YEAR(U$11))) | S22: 0 | T22: =T21*(1+S22) -> 0 | W22: =O22+U22 -> 0 | X22: =T22+V22 -> 0 | AA22: =((Z22/Z21)-1) -> #DIV/0! | AB22: =IF(DAY(AF$11)=0,"",IF(MONTH(AF$11)<>MONTH($B22),"",YEAR($B22)-YEAR(AF$11))) | AD22: 0 | AE22: =AE21*(1+AD22) -> 0 | AH22: =Z22+AF22 -> 0 | AI22: =AE22+AG22 -> 0 | AL22: 38261 | AM22: =L22+W22+AH22 -> 0 | AN22: =((AM22/AM21)-1) -> #DIV/0! | AO22: =M22+X22+AI22 -> 0 | AP22: =((AO22/AO21)-1) -> #DIV/0! | AR22: 32.477896 | AV22: =((AU22/AU21)-1) -> #DIV/0!
B23: 38292 | E23: =((D23/D22)-1) -> #DIV/0! | F23: =IF(DAY(J$11)=0,"",IF(MONTH(J$11)<>MONTH($B23),"",YEAR($B23)-YEAR(J$11))) | H23: 0 | I23: =I22*(1+H23) -> 0 | L23: =D23+J23 -> 0 | M23: =I23+K23 -> 0 | P23: =((O23/O22)-1) -> #DIV/0! | Q23: =IF(DAY(U$11)=0,"",IF(MONTH(U$11)<>MONTH($B23),"",YEAR($B23)-YEAR(U$11))) | S23: 0 | T23: =T22*(1+S23) -> 0 | W23: =O23+U23 -> 0 | X23: =T23+V23 -> 0 | AA23: =((Z23/Z22)-1) -> #DIV/0! | AB23: =IF(DAY(AF$11)=0,"",IF(MONTH(AF$11)<>MONTH($B23),"",YEAR($B23)-YEAR(AF$11))) | AD23: 0 | AE23: =AE22*(1+AD23) -> 0 | AH23: =Z23+AF23 -> 0 | AI23: =AE23+AG23 -> 0 | AL23: 38292 | AM23: =L23+W23+AH23 -> 0 | AN23: =((AM23/AM22)-1) -> #DIV/0! | AO23: =M23+X23+AI23 -> 0 | AP23: =((AO23/AO22)-1) -> #DIV/0! | AR23: 32.533108 | AV23: =((AU23/AU22)-1) -> #DIV/0!
B24: 38322 | E24: =((D24/D23)-1) -> #DIV/0! | F24: =IF(DAY(J$11)=0,"",IF(MONTH(J$11)<>MONTH($B24),"",YEAR($B24)-YEAR(J$11))) | H24: 0 | I24: =I23*(1+H24) -> 0 | L24: =D24+J24 -> 0 | M24: =I24+K24 -> 0 | P24: =((O24/O23)-1) -> #DIV/0! | Q24: =IF(DAY(U$11)=0,"",IF(MONTH(U$11)<>MONTH($B24),"",YEAR($B24)-YEAR(U$11))) | S24: 0 | T24: =T23*(1+S24) -> 0 | W24: =O24+U24 -> 0 | X24: =T24+V24 -> 0 | AA24: =((Z24/Z23)-1) -> #DIV/0! | AB24: =IF(DAY(AF$11)=0,"",IF(MONTH(AF$11)<>MONTH($B24),"",YEAR($B24)-YEAR(AF$11))) | AD24: 0 | AE24: =AE23*(1+AD24) -> 0 | AH24: =Z24+AF24 -> 0 | AI24: =AE24+AG24 -> 0 | AL24: 38322 | AM24: =L24+W24+AH24 -> 0 | AN24: =((AM24/AM23)-1) -> #DIV/0! | AO24: =M24+X24+AI24 -> 0 | AP24: =((AO24/AO23)-1) -> #DIV/0! | AR24: 32.676253 | AV24: =((AU24/AU23)-1) -> #DIV/0!
A25: 2005 | B25: 38353 | E25: =((D25/D24)-1) -> #DIV/0! | F25: =IF(DAY(J$11)=0,"",IF(MONTH(J$11)<>MONTH($B25),"",YEAR($B25)-YEAR(J$11))) | H25: 0 | I25: =I24*(1+H25) -> 0 | L25: =D25+J25 -> 0 | M25: =I25+K25 -> 0 | P25: =((O25/O24)-1) -> #DIV/0! | Q25: =IF(DAY(U$11)=0,"",IF(MONTH(U$11)<>MONTH($B25),"",YEAR($B25)-YEAR(U$11))) | S25: 0 | T25: =T24*(1+S25) -> 0 | W25: =O25+U25 -> 0 | X25: =T25+V25 -> 0 | AA25: =((Z25/Z24)-1) -> #DIV/0! | AB25: =IF(DAY(AF$11)=0,"",IF(MONTH(AF$11)<>MONTH($B25),"",YEAR($B25)-YEAR(AF$11))) | AD25: 0 | AE25: =AE24*(1+AD25) -> 0 | AH25: =Z25+AF25 -> 0 | AI25: =AE25+AG25 -> 0 | AK25: 2005 | AL25: 38353 | AM25: =L25+W25+AH25 -> 0 | AN25: =((AM25/AM24)-1) -> #DIV/0! | AO25: =M25+X25+AI25 -> 0 | AP25: =((AO25/AO24)-1) -> #DIV/0! | AR25: 32.957268 | AV25: =((AU25/AU24)-1) -> #DIV/0!
B26: 38384 | E26: =((D26/D25)-1) -> #DIV/0! | F26: =IF(DAY(J$11)=0,"",IF(MONTH(J$11)<>MONTH($B26),"",YEAR($B26)-YEAR(J$11))) | H26: 0 | I26: =I25*(1+H26) -> 0 | L26: =D26+J26 -> 0 | M26: =I26+K26 -> 0 | P26: =((O26/O25)-1) -> #DIV/0! | Q26: =IF(DAY(U$11)=0,"",IF(MONTH(U$11)<>MONTH($B26),"",YEAR($B26)-YEAR(U$11))) | S26: 0 | T26: =T25*(1+S26) -> 0 | W26: =O26+U26 -> 0 | X26: =T26+V26 -> 0 | AA26: =((Z26/Z25)-1) -> #DIV/0! | AB26: =IF(DAY(AF$11)=0,"",IF(MONTH(AF$11)<>MONTH($B26),"",YEAR($B26)-YEAR(AF$11))) | AD26: 0 | AE26: =AE25*(1+AD26) -> 0 | AH26: =Z26+AF26 -> 0 | AI26: =AE26+AG26 -> 0 | AL26: 38384 | AM26: =L26+W26+AH26 -> 0 | AN26: =((AM26/AM25)-1) -> #DIV/0! | AO26: =M26+X26+AI26 -> 0 | AP26: =((AO26/AO25)-1) -> #DIV/0! | AR26: 33.145124 | AV26: =((AU26/AU25)-1) -> #DIV/0!
B27: 38412 | E27: =((D27/D26)-1) -> #DIV/0! | F27: =IF(DAY(J$11)=0,"",IF(MONTH(J$11)<>MONTH($B27),"",YEAR($B27)-YEAR(J$11))) | H27: 0 | I27: =I26*(1+H27) -> 0 | L27: =D27+J27 -> 0 | M27: =I27+K27 -> 0 | P27: =((O27/O26)-1) -> #DIV/0! | Q27: =IF(DAY(U$11)=0,"",IF(MONTH(U$11)<>MONTH($B27),"",YEAR($B27)-YEAR(U$11))) | S27: 0 | T27: =T26*(1+S27) -> 0 | W27: =O27+U27 -> 0 | X27: =T27+V27 -> 0 | AA27: =((Z27/Z26)-1) -> #DIV/0! | AB27: =IF(DAY(AF$11)=0,"",IF(MONTH(AF$11)<>MONTH($B27),"",YEAR($B27)-YEAR(AF$11))) | AD27: 0 | AE27: =AE26*(1+AD27) -> 0 | AH27: =Z27+AF27 -> 0 | AI27: =AE27+AG27 -> 0 | AL27: 38412 | AM27: =L27+W27+AH27 -> 0 | AN27: =((AM27/AM26)-1) -> #DIV/0! | AO27: =M27+X27+AI27 -> 0 | AP27: =((AO27/AO26)-1) -> #DIV/0! | AR27: 33.290962 | AV27: =((AU27/AU26)-1) -> #DIV/0!
B28: 38443 | E28: =((D28/D27)-1) -> #DIV/0! | F28: =IF(DAY(J$11)=0,"",IF(MONTH(J$11)<>MONTH($B28),"",YEAR($B28)-YEAR(J$11))) | H28: 0 | I28: =I27*(1+H28) -> 0 | L28: =D28+J28 -> 0 | M28: =I28+K28 -> 0 | P28: =((O28/O27)-1) -> #DIV/0! | Q28: =IF(DAY(U$11)=0,"",IF(MONTH(U$11)<>MONTH($B28),"",YEAR($B28)-YEAR(U$11))) | S28: 0 | T28: =T27*(1+S28) -> 0 | W28: =O28+U28 -> 0 | X28: =T28+V28 -> 0 | AA28: =((Z28/Z27)-1) -> #DIV/0! | AB28: =IF(DAY(AF$11)=0,"",IF(MONTH(AF$11)<>MONTH($B28),"",YEAR($B28)-YEAR(AF$11))) | AD28: 0 | AE28: =AE27*(1+AD28) -> 0 | AH28: =Z28+AF28 -> 0 | AI28: =AE28+AG28 -> 0 | AL28: 38443 | AM28: =L28+W28+AH28 -> 0 | AN28: =((AM28/AM27)-1) -> #DIV/0! | AO28: =M28+X28+AI28 -> 0 | AP28: =((AO28/AO27)-1) -> #DIV/0! | AR28: 33.533986 | AV28: =((AU28/AU27)-1) -> #DIV/0!
B29: 38473 | E29: =((D29/D28)-1) -> #DIV/0! | F29: =IF(DAY(J$11)=0,"",IF(MONTH(J$11)<>MONTH($B29),"",YEAR($B29)-YEAR(J$11))) | H29: 0 | I29: =I28*(1+H29) -> 0 | L29: =D29+J29 -> 0 | M29: =I29+K29 -> 0 | P29: =((O29/O28)-1) -> #DIV/0! | Q29: =IF(DAY(U$11)=0,"",IF(MONTH(U$11)<>MONTH($B29),"",YEAR($B29)-YEAR(U$11))) | S29: 0 | T29: =T28*(1+S29) -> 0 | W29: =O29+U29 -> 0 | X29: =T29+V29 -> 0 | AA29: =((Z29/Z28)-1) -> #DIV/0! | AB29: =IF(DAY(AF$11)=0,"",IF(MONTH(AF$11)<>MONTH($B29),"",YEAR($B29)-YEAR(AF$11))) | AD29: 0 | AE29: =AE28*(1+AD29) -> 0 | AH29: =Z29+AF29 -> 0 | AI29: =AE29+AG29 -> 0 | AL29: 38473 | AM29: =L29+W29+AH29 -> 0 | AN29: =((AM29/AM28)-1) -> #DIV/0! | AO29: =M29+X29+AI29 -> 0 | AP29: =((AO29/AO28)-1) -> #DIV/0! | AR29: 33.839145 | AV29: =((AU29/AU28)-1) -> #DIV/0!
B30: 38504 | E30: =((D30/D29)-1) -> #DIV/0! | F30: =IF(DAY(J$11)=0,"",IF(MONTH(J$11)<>MONTH($B30),"",YEAR($B30)-YEAR(J$11))) | H30: 0 | I30: =I29*(1+H30) -> 0 | L30: =D30+J30 -> 0 | M30: =I30+K30 -> 0 | P30: =((O30/O29)-1) -> #DIV/0! | Q30: =IF(DAY(U$11)=0,"",IF(MONTH(U$11)<>MONTH($B30),"",YEAR($B30)-YEAR(U$11))) | S30: 0 | T30: =T29*(1+S30) -> 0 | W30: =O30+U30 -> 0 | X30: =T30+V30 -> 0 | AA30: =((Z30/Z29)-1) -> #DIV/0! | AB30: =IF(DAY(AF$11)=0,"",IF(MONTH(AF$11)<>MONTH($B30),"",YEAR($B30)-YEAR(AF$11))) | AD30: 0 | AE30: =AE29*(1+AD30) -> 0 | AH30: =Z30+AF30 -> 0 | AI30: =AE30+AG30 -> 0 | AL30: 38504 | AM30: =L30+W30+AH30 -> 0 | AN30: =((AM30/AM29)-1) -> #DIV/0! | AO30: =M30+X30+AI30 -> 0 | AP30: =((AO30/AO29)-1) -> #DIV/0! | AR30: 34.076019 | AV30: =((AU30/AU29)-1) -> #DIV/0!
B31: 38534 | E31: =((D31/D30)-1) -> #DIV/0! | F31: =IF(DAY(J$11)=0,"",IF(MONTH(J$11)<>MONTH($B31),"",YEAR($B31)-YEAR(J$11))) | G31: Anual | H31: 0.1169 | I31: =I30*(1+H31) -> 0 | L31: =D31+J31 -> 0 | M31: =I31+K31 -> 0 | P31: =((O31/O30)-1) -> #DIV/0! | Q31: =IF(DAY(U$11)=0,"",IF(MONTH(U$11)<>MONTH($B31),"",YEAR($B31)-YEAR(U$11))) | R31: Anual | S31: 0.1169 | T31: =T30*(1+S31) -> 0 | W31: =O31+U31 -> 0 | X31: =T31+V31 -> 0 | AA31: =((Z31/Z30)-1) -> #DIV/0! | AB31: =IF(DAY(AF$11)=0,"",IF(MONTH(AF$11)<>MONTH($B31),"",YEAR($B31)-YEAR(AF$11))) | AC31: Anual | AD31: 0.1169 | AE31: =AE30*(1+AD31) -> 0 | AH31: =Z31+AF31 -> 0 | AI31: =AE31+AG31 -> 0 | AL31: 38534 | AM31: =L31+W31+AH31 -> 0 | AN31: =((AM31/AM30)-1) -> #DIV/0! | AO31: =M31+X31+AI31 -> 0 | AP31: =((AO31/AO30)-1) -> #DIV/0! | AR31: 34.038535 | AV31: =((AU31/AU30)-1) -> #DIV/0!
B32: 38565 | E32: =((D32/D31)-1) -> #DIV/0! | F32: =IF(DAY(J$11)=0,"",IF(MONTH(J$11)<>MONTH($B32),"",YEAR($B32)-YEAR(J$11))) | H32: 0 | I32: =I31*(1+H32) -> 0 | L32: =D32+J32 -> 0 | M32: =I32+K32 -> 0 | P32: =((O32/O31)-1) -> #DIV/0! | Q32: =IF(DAY(U$11)=0,"",IF(MONTH(U$11)<>MONTH($B32),"",YEAR($B32)-YEAR(U$11))) | S32: 0 | T32: =T31*(1+S32) -> 0 | W32: =O32+U32 -> 0 | X32: =T32+V32 -> 0 | AA32: =((Z32/Z31)-1) -> #DIV/0! | AB32: =IF(DAY(AF$11)=0,"",IF(MONTH(AF$11)<>MONTH($B32),"",YEAR($B32)-YEAR(AF$11))) | AD32: 0 | AE32: =AE31*(1+AD32) -> 0 | AH32: =Z32+AF32 -> 0 | AI32: =AE32+AG32 -> 0 | AL32: 38565 | AM32: =L32+W32+AH32 -> 0 | AN32: =((AM32/AM31)-1) -> #DIV/0! | AO32: =M32+X32+AI32 -> 0 | AP32: =((AO32/AO31)-1) -> #DIV/0! | AR32: 34.048746 | AV32: =((AU32/AU31)-1) -> #DIV/0!
B33: 38596 | E33: =((D33/D32)-1) -> #DIV/0! | F33: =IF(DAY(J$11)=0,"",IF(MONTH(J$11)<>MONTH($B33),"",YEAR($B33)-YEAR(J$11))) | H33: 0 | I33: =I32*(1+H33) -> 0 | L33: =D33+J33 -> 0 | M33: =I33+K33 -> 0 | P33: =((O33/O32)-1) -> #DIV/0! | Q33: =IF(DAY(U$11)=0,"",IF(MONTH(U$11)<>MONTH($B33),"",YEAR($B33)-YEAR(U$11))) | S33: 0 | T33: =T32*(1+S33) -> 0 | W33: =O33+U33 -> 0 | X33: =T33+V33 -> 0 | AA33: =((Z33/Z32)-1) -> #DIV/0! | AB33: =IF(DAY(AF$11)=0,"",IF(MONTH(AF$11)<>MONTH($B33),"",YEAR($B33)-YEAR(AF$11))) | AD33: 0 | AE33: =AE32*(1+AD33) -> 0 | AH33: =Z33+AF33 -> 0 | AI33: =AE33+AG33 -> 0 | AL33: 38596 | AM33: =L33+W33+AH33 -> 0 | AN33: =((AM33/AM32)-1) -> #DIV/0! | AO33: =M33+X33+AI33 -> 0 | AP33: =((AO33/AO32)-1) -> #DIV/0! | AR33: 34.048746 | AV33: =((AU33/AU32)-1) -> #DIV/0!
B34: 38626 | E34: =((D34/D33)-1) -> #DIV/0! | F34: =IF(DAY(J$11)=0,"",IF(MONTH(J$11)<>MONTH($B34),"",YEAR($B34)-YEAR(J$11))) | H34: 0 | I34: =I33*(1+H34) -> 0 | L34: =D34+J34 -> 0 | M34: =I34+K34 -> 0 | P34: =((O34/O33)-1) -> #DIV/0! | Q34: =IF(DAY(U$11)=0,"",IF(MONTH(U$11)<>MONTH($B34),"",YEAR($B34)-YEAR(U$11))) | S34: 0 | T34: =T33*(1+S34) -> 0 | W34: =O34+U34 -> 0 | X34: =T34+V34 -> 0 | AA34: =((Z34/Z33)-1) -> #DIV/0! | AB34: =IF(DAY(AF$11)=0,"",IF(MONTH(AF$11)<>MONTH($B34),"",YEAR($B34)-YEAR(AF$11))) | AD34: 0 | AE34: =AE33*(1+AD34) -> 0 | AH34: =Z34+AF34 -> 0 | AI34: =AE34+AG34 -> 0 | AL34: 38626 | AM34: =L34+W34+AH34 -> 0 | AN34: =((AM34/AM33)-1) -> #DIV/0! | AO34: =M34+X34+AI34 -> 0 | AP34: =((AO34/AO33)-1) -> #DIV/0! | AR34: 34.099819 | AV34: =((AU34/AU33)-1) -> #DIV/0!
B35: 38657 | E35: =((D35/D34)-1) -> #DIV/0! | F35: =IF(DAY(J$11)=0,"",IF(MONTH(J$11)<>MONTH($B35),"",YEAR($B35)-YEAR(J$11))) | H35: 0 | I35: =I34*(1+H35) -> 0 | L35: =D35+J35 -> 0 | M35: =I35+K35 -> 0 | P35: =((O35/O34)-1) -> #DIV/0! | Q35: =IF(DAY(U$11)=0,"",IF(MONTH(U$11)<>MONTH($B35),"",YEAR($B35)-YEAR(U$11))) | S35: 0 | T35: =T34*(1+S35) -> 0 | W35: =O35+U35 -> 0 | X35: =T35+V35 -> 0 | AA35: =((Z35/Z34)-1) -> #DIV/0! | AB35: =IF(DAY(AF$11)=0,"",IF(MONTH(AF$11)<>MONTH($B35),"",YEAR($B35)-YEAR(AF$11))) | AD35: 0 | AE35: =AE34*(1+AD35) -> 0 | AH35: =Z35+AF35 -> 0 | AI35: =AE35+AG35 -> 0 | AL35: 38657 | AM35: =L35+W35+AH35 -> 0 | AN35: =((AM35/AM34)-1) -> #DIV/0! | AO35: =M35+X35+AI35 -> 0 | AP35: =((AO35/AO34)-1) -> #DIV/0! | AR35: 34.297597 | AV35: =((AU35/AU34)-1) -> #DIV/0!
B36: 38687 | E36: =((D36/D35)-1) -> #DIV/0! | F36: =IF(DAY(J$11)=0,"",IF(MONTH(J$11)<>MONTH($B36),"",YEAR($B36)-YEAR(J$11))) | H36: 0 | I36: =I35*(1+H36) -> 0 | L36: =D36+J36 -> 0 | M36: =I36+K36 -> 0 | P36: =((O36/O35)-1) -> #DIV/0! | Q36: =IF(DAY(U$11)=0,"",IF(MONTH(U$11)<>MONTH($B36),"",YEAR($B36)-YEAR(U$11))) | S36: 0 | T36: =T35*(1+S36) -> 0 | W36: =O36+U36 -> 0 | X36: =T36+V36 -> 0 | AA36: =((Z36/Z35)-1) -> #DIV/0! | AB36: =IF(DAY(AF$11)=0,"",IF(MONTH(AF$11)<>MONTH($B36),"",YEAR($B36)-YEAR(AF$11))) | AD36: 0 | AE36: =AE35*(1+AD36) -> 0 | AH36: =Z36+AF36 -> 0 | AI36: =AE36+AG36 -> 0 | AL36: 38687 | AM36: =L36+W36+AH36 -> 0 | AN36: =((AM36/AM35)-1) -> #DIV/0! | AO36: =M36+X36+AI36 -> 0 | AP36: =((AO36/AO35)-1) -> #DIV/0! | AR36: 34.482804 | AV36: =((AU36/AU35)-1) -> #DIV/0!
A37: 2006 | B37: 38718 | E37: =((D37/D36)-1) -> #DIV/0! | F37: =IF(DAY(J$11)=0,"",IF(MONTH(J$11)<>MONTH($B37),"",YEAR($B37)-YEAR(J$11))) | H37: 0 | I37: =I36*(1+H37) -> 0 | L37: =D37+J37 -> 0 | M37: =I37+K37 -> 0 | P37: =((O37/O36)-1) -> #DIV/0! | Q37: =IF(DAY(U$11)=0,"",IF(MONTH(U$11)<>MONTH($B37),"",YEAR($B37)-YEAR(U$11))) | S37: 0 | T37: =T36*(1+S37) -> 0 | W37: =O37+U37 -> 0 | X37: =T37+V37 -> 0 | AA37: =((Z37/Z36)-1) -> #DIV/0! | AB37: =IF(DAY(AF$11)=0,"",IF(MONTH(AF$11)<>MONTH($B37),"",YEAR($B37)-YEAR(AF$11))) | AD37: 0 | AE37: =AE36*(1+AD37) -> 0 | AH37: =Z37+AF37 -> 0 | AI37: =AE37+AG37 -> 0 | AK37: 2006 | AL37: 38718 | AM37: =L37+W37+AH37 -> 0 | AN37: =((AM37/AM36)-1) -> #DIV/0! | AO37: =M37+X37+AI37 -> 0 | AP37: =((AO37/AO36)-1) -> #DIV/0! | AR37: 34.620735 | AV37: =((AU37/AU36)-1) -> #DIV/0!
B38: 38749 | E38: =((D38/D37)-1) -> #DIV/0! | F38: =IF(DAY(J$11)=0,"",IF(MONTH(J$11)<>MONTH($B38),"",YEAR($B38)-YEAR(J$11))) | H38: 0 | I38: =I37*(1+H38) -> 0 | L38: =D38+J38 -> 0 | M38: =I38+K38 -> 0 | P38: =((O38/O37)-1) -> #DIV/0! | Q38: =IF(DAY(U$11)=0,"",IF(MONTH(U$11)<>MONTH($B38),"",YEAR($B38)-YEAR(U$11))) | S38: 0 | T38: =T37*(1+S38) -> 0 | W38: =O38+U38 -> 0 | X38: =T38+V38 -> 0 | AA38: =((Z38/Z37)-1) -> #DIV/0! | AB38: =IF(DAY(AF$11)=0,"",IF(MONTH(AF$11)<>MONTH($B38),"",YEAR($B38)-YEAR(AF$11))) | AD38: 0 | AE38: =AE37*(1+AD38) -> 0 | AH38: =Z38+AF38 -> 0 | AI38: =AE38+AG38 -> 0 | AL38: 38749 | AM38: =L38+W38+AH38 -> 0 | AN38: =((AM38/AM37)-1) -> #DIV/0! | AO38: =M38+X38+AI38 -> 0 | AP38: =((AO38/AO37)-1) -> #DIV/0! | AR38: 34.752293 | AV38: =((AU38/AU37)-1) -> #DIV/0!
B39: 38777 | E39: =((D39/D38)-1) -> #DIV/0! | F39: =IF(DAY(J$11)=0,"",IF(MONTH(J$11)<>MONTH($B39),"",YEAR($B39)-YEAR(J$11))) | H39: 0 | I39: =I38*(1+H39) -> 0 | L39: =D39+J39 -> 0 | M39: =I39+K39 -> 0 | P39: =((O39/O38)-1) -> #DIV/0! | Q39: =IF(DAY(U$11)=0,"",IF(MONTH(U$11)<>MONTH($B39),"",YEAR($B39)-YEAR(U$11))) | S39: 0 | T39: =T38*(1+S39) -> 0 | W39: =O39+U39 -> 0 | X39: =T39+V39 -> 0 | AA39: =((Z39/Z38)-1) -> #DIV/0! | AB39: =IF(DAY(AF$11)=0,"",IF(MONTH(AF$11)<>MONTH($B39),"",YEAR($B39)-YEAR(AF$11))) | AD39: 0 | AE39: =AE38*(1+AD39) -> 0 | AH39: =Z39+AF39 -> 0 | AI39: =AE39+AG39 -> 0 | AL39: 38777 | AM39: =L39+W39+AH39 -> 0 | AN39: =((AM39/AM38)-1) -> #DIV/0! | AO39: =M39+X39+AI39 -> 0 | AP39: =((AO39/AO38)-1) -> #DIV/0! | AR39: 34.832223 | AV39: =((AU39/AU38)-1) -> #DIV/0!
B40: 38808 | E40: =((D40/D39)-1) -> #DIV/0! | F40: =IF(DAY(J$11)=0,"",IF(MONTH(J$11)<>MONTH($B40),"",YEAR($B40)-YEAR(J$11))) | H40: 0 | I40: =I39*(1+H40) -> 0 | L40: =D40+J40 -> 0 | M40: =I40+K40 -> 0 | P40: =((O40/O39)-1) -> #DIV/0! | Q40: =IF(DAY(U$11)=0,"",IF(MONTH(U$11)<>MONTH($B40),"",YEAR($B40)-YEAR(U$11))) | S40: 0 | T40: =T39*(1+S40) -> 0 | W40: =O40+U40 -> 0 | X40: =T40+V40 -> 0 | AA40: =((Z40/Z39)-1) -> #DIV/0! | AB40: =IF(DAY(AF$11)=0,"",IF(MONTH(AF$11)<>MONTH($B40),"",YEAR($B40)-YEAR(AF$11))) | AD40: 0 | AE40: =AE39*(1+AD40) -> 0 | AH40: =Z40+AF40 -> 0 | AI40: =AE40+AG40 -> 0 | AL40: 38808 | AM40: =L40+W40+AH40 -> 0 | AN40: =((AM40/AM39)-1) -> #DIV/0! | AO40: =M40+X40+AI40 -> 0 | AP40: =((AO40/AO39)-1) -> #DIV/0! | AR40: 34.92627 | AV40: =((AU40/AU39)-1) -> #DIV/0!
B41: 38838 | E41: =((D41/D40)-1) -> #DIV/0! | F41: =IF(DAY(J$11)=0,"",IF(MONTH(J$11)<>MONTH($B41),"",YEAR($B41)-YEAR(J$11))) | H41: 0 | I41: =I40*(1+H41) -> 0 | L41: =D41+J41 -> 0 | M41: =I41+K41 -> 0 | P41: =((O41/O40)-1) -> #DIV/0! | Q41: =IF(DAY(U$11)=0,"",IF(MONTH(U$11)<>MONTH($B41),"",YEAR($B41)-YEAR(U$11))) | S41: 0 | T41: =T40*(1+S41) -> 0 | W41: =O41+U41 -> 0 | X41: =T41+V41 -> 0 | AA41: =((Z41/Z40)-1) -> #DIV/0! | AB41: =IF(DAY(AF$11)=0,"",IF(MONTH(AF$11)<>MONTH($B41),"",YEAR($B41)-YEAR(AF$11))) | AD41: 0 | AE41: =AE40*(1+AD41) -> 0 | AH41: =Z41+AF41 -> 0 | AI41: =AE41+AG41 -> 0 | AL41: 38838 | AM41: =L41+W41+AH41 -> 0 | AN41: =((AM41/AM40)-1) -> #DIV/0! | AO41: =M41+X41+AI41 -> 0 | AP41: =((AO41/AO40)-1) -> #DIV/0! | AR41: 34.968181 | AV41: =((AU41/AU40)-1) -> #DIV/0!
B42: 38869 | E42: =((D42/D41)-1) -> #DIV/0! | F42: =IF(DAY(J$11)=0,"",IF(MONTH(J$11)<>MONTH($B42),"",YEAR($B42)-YEAR(J$11))) | H42: 0 | I42: =I41*(1+H42) -> 0 | L42: =D42+J42 -> 0 | M42: =I42+K42 -> 0 | P42: =((O42/O41)-1) -> #DIV/0! | Q42: =IF(DAY(U$11)=0,"",IF(MONTH(U$11)<>MONTH($B42),"",YEAR($B42)-YEAR(U$11))) | S42: 0 | T42: =T41*(1+S42) -> 0 | W42: =O42+U42 -> 0 | X42: =T42+V42 -> 0 | AA42: =((Z42/Z41)-1) -> #DIV/0! | AB42: =IF(DAY(AF$11)=0,"",IF(MONTH(AF$11)<>MONTH($B42),"",YEAR($B42)-YEAR(AF$11))) | AD42: 0 | AE42: =AE41*(1+AD42) -> 0 | AH42: =Z42+AF42 -> 0 | AI42: =AE42+AG42 -> 0 | AL42: 38869 | AM42: =L42+W42+AH42 -> 0 | AN42: =((AM42/AM41)-1) -> #DIV/0! | AO42: =M42+X42+AI42 -> 0 | AP42: =((AO42/AO41)-1) -> #DIV/0! | AR42: 35.013639 | AV42: =((AU42/AU41)-1) -> #DIV/0!
B43: 38899 | E43: =((D43/D42)-1) -> #DIV/0! | F43: =IF(DAY(J$11)=0,"",IF(MONTH(J$11)<>MONTH($B43),"",YEAR($B43)-YEAR(J$11))) | G43: Anual | H43: 0.0889 | I43: =I42*(1+H43) -> 0 | L43: =D43+J43 -> 0 | M43: =I43+K43 -> 0 | P43: =((O43/O42)-1) -> #DIV/0! | Q43: =IF(DAY(U$11)=0,"",IF(MONTH(U$11)<>MONTH($B43),"",YEAR($B43)-YEAR(U$11))) | R43: Anual | S43: 0.0889 | T43: =T42*(1+S43) -> 0 | W43: =O43+U43 -> 0 | X43: =T43+V43 -> 0 | AA43: =((Z43/Z42)-1) -> #DIV/0! | AB43: =IF(DAY(AF$11)=0,"",IF(MONTH(AF$11)<>MONTH($B43),"",YEAR($B43)-YEAR(AF$11))) | AC43: Anual | AD43: 0.0889 | AE43: =AE42*(1+AD43) -> 0 | AH43: =Z43+AF43 -> 0 | AI43: =AE43+AG43 -> 0 | AL43: 38899 | AM43: =L43+W43+AH43 -> 0 | AN43: =((AM43/AM42)-1) -> #DIV/0! | AO43: =M43+X43+AI43 -> 0 | AP43: =((AO43/AO42)-1) -> #DIV/0! | AR43: 34.989129 | AV43: =((AU43/AU42)-1) -> #DIV/0!
B44: 38930 | E44: =((D44/D43)-1) -> #DIV/0! | F44: =IF(DAY(J$11)=0,"",IF(MONTH(J$11)<>MONTH($B44),"",YEAR($B44)-YEAR(J$11))) | H44: 0 | I44: =I43*(1+H44) -> 0 | L44: =D44+J44 -> 0 | M44: =I44+K44 -> 0 | P44: =((O44/O43)-1) -> #DIV/0! | Q44: =IF(DAY(U$11)=0,"",IF(MONTH(U$11)<>MONTH($B44),"",YEAR($B44)-YEAR(U$11))) | S44: 0 | T44: =T43*(1+S44) -> 0 | W44: =O44+U44 -> 0 | X44: =T44+V44 -> 0 | AA44: =((Z44/Z43)-1) -> #DIV/0! | AB44: =IF(DAY(AF$11)=0,"",IF(MONTH(AF$11)<>MONTH($B44),"",YEAR($B44)-YEAR(AF$11))) | AD44: 0 | AE44: =AE43*(1+AD44) -> 0 | AH44: =Z44+AF44 -> 0 | AI44: =AE44+AG44 -> 0 | AL44: 38930 | AM44: =L44+W44+AH44 -> 0 | AN44: =((AM44/AM43)-1) -> #DIV/0! | AO44: =M44+X44+AI44 -> 0 | AP44: =((AO44/AO43)-1) -> #DIV/0! | AR44: 35.027617 | AV44: =((AU44/AU43)-1) -> #DIV/0!
B45: 38961 | E45: =((D45/D44)-1) -> #DIV/0! | F45: =IF(DAY(J$11)=0,"",IF(MONTH(J$11)<>MONTH($B45),"",YEAR($B45)-YEAR(J$11))) | H45: 0 | I45: =I44*(1+H45) -> 0 | L45: =D45+J45 -> 0 | M45: =I45+K45 -> 0 | P45: =((O45/O44)-1) -> #DIV/0! | Q45: =IF(DAY(U$11)=0,"",IF(MONTH(U$11)<>MONTH($B45),"",YEAR($B45)-YEAR(U$11))) | S45: 0 | T45: =T44*(1+S45) -> 0 | W45: =O45+U45 -> 0 | X45: =T45+V45 -> 0 | AA45: =((Z45/Z44)-1) -> #DIV/0! | AB45: =IF(DAY(AF$11)=0,"",IF(MONTH(AF$11)<>MONTH($B45),"",YEAR($B45)-YEAR(AF$11))) | AD45: 0 | AE45: =AE44*(1+AD45) -> 0 | AH45: =Z45+AF45 -> 0 | AI45: =AE45+AG45 -> 0 | AL45: 38961 | AM45: =L45+W45+AH45 -> 0 | AN45: =((AM45/AM44)-1) -> #DIV/0! | AO45: =M45+X45+AI45 -> 0 | AP45: =((AO45/AO44)-1) -> #DIV/0! | AR45: 35.020611 | AV45: =((AU45/AU44)-1) -> #DIV/0!
B46: 38991 | E46: =((D46/D45)-1) -> #DIV/0! | F46: =IF(DAY(J$11)=0,"",IF(MONTH(J$11)<>MONTH($B46),"",YEAR($B46)-YEAR(J$11))) | H46: 0 | I46: =I45*(1+H46) -> 0 | L46: =D46+J46 -> 0 | M46: =I46+K46 -> 0 | P46: =((O46/O45)-1) -> #DIV/0! | Q46: =IF(DAY(U$11)=0,"",IF(MONTH(U$11)<>MONTH($B46),"",YEAR($B46)-YEAR(U$11))) | S46: 0 | T46: =T45*(1+S46) -> 0 | W46: =O46+U46 -> 0 | X46: =T46+V46 -> 0 | AA46: =((Z46/Z45)-1) -> #DIV/0! | AB46: =IF(DAY(AF$11)=0,"",IF(MONTH(AF$11)<>MONTH($B46),"",YEAR($B46)-YEAR(AF$11))) | AD46: 0 | AE46: =AE45*(1+AD46) -> 0 | AH46: =Z46+AF46 -> 0 | AI46: =AE46+AG46 -> 0 | AL46: 38991 | AM46: =L46+W46+AH46 -> 0 | AN46: =((AM46/AM45)-1) -> #DIV/0! | AO46: =M46+X46+AI46 -> 0 | AP46: =((AO46/AO45)-1) -> #DIV/0! | AR46: 35.076643 | AV46: =((AU46/AU45)-1) -> #DIV/0!
B47: 39022 | E47: =((D47/D46)-1) -> #DIV/0! | F47: =IF(DAY(J$11)=0,"",IF(MONTH(J$11)<>MONTH($B47),"",YEAR($B47)-YEAR(J$11))) | H47: 0 | I47: =I46*(1+H47) -> 0 | L47: =D47+J47 -> 0 | M47: =I47+K47 -> 0 | P47: =((O47/O46)-1) -> #DIV/0! | Q47: =IF(DAY(U$11)=0,"",IF(MONTH(U$11)<>MONTH($B47),"",YEAR($B47)-YEAR(U$11))) | S47: 0 | T47: =T46*(1+S47) -> 0 | W47: =O47+U47 -> 0 | X47: =T47+V47 -> 0 | AA47: =((Z47/Z46)-1) -> #DIV/0! | AB47: =IF(DAY(AF$11)=0,"",IF(MONTH(AF$11)<>MONTH($B47),"",YEAR($B47)-YEAR(AF$11))) | AD47: 0 | AE47: =AE46*(1+AD47) -> 0 | AH47: =Z47+AF47 -> 0 | AI47: =AE47+AG47 -> 0 | AL47: 39022 | AM47: =L47+W47+AH47 -> 0 | AN47: =((AM47/AM46)-1) -> #DIV/0! | AO47: =M47+X47+AI47 -> 0 | AP47: =((AO47/AO46)-1) -> #DIV/0! | AR47: 35.227472 | AV47: =((AU47/AU46)-1) -> #DIV/0!
B48: 39052 | E48: =((D48/D47)-1) -> #DIV/0! | F48: =IF(DAY(J$11)=0,"",IF(MONTH(J$11)<>MONTH($B48),"",YEAR($B48)-YEAR(J$11))) | H48: 0 | I48: =I47*(1+H48) -> 0 | L48: =D48+J48 -> 0 | M48: =I48+K48 -> 0 | P48: =((O48/O47)-1) -> #DIV/0! | Q48: =IF(DAY(U$11)=0,"",IF(MONTH(U$11)<>MONTH($B48),"",YEAR($B48)-YEAR(U$11))) | S48: 0 | T48: =T47*(1+S48) -> 0 | W48: =O48+U48 -> 0 | X48: =T48+V48 -> 0 | AA48: =((Z48/Z47)-1) -> #DIV/0! | AB48: =IF(DAY(AF$11)=0,"",IF(MONTH(AF$11)<>MONTH($B48),"",YEAR($B48)-YEAR(AF$11))) | AD48: 0 | AE48: =AE47*(1+AD48) -> 0 | AH48: =Z48+AF48 -> 0 | AI48: =AE48+AG48 -> 0 | AL48: 39052 | AM48: =L48+W48+AH48 -> 0 | AN48: =((AM48/AM47)-1) -> #DIV/0! | AO48: =M48+X48+AI48 -> 0 | AP48: =((AO48/AO47)-1) -> #DIV/0! | AR48: 35.375427 | AV48: =((AU48/AU47)-1) -> #DIV/0!
A49: 2007 | B49: 39083 | E49: =((D49/D48)-1) -> #DIV/0! | F49: =IF(DAY(J$11)=0,"",IF(MONTH(J$11)<>MONTH($B49),"",YEAR($B49)-YEAR(J$11))) | H49: 0 | I49: =I48*(1+H49) -> 0 | L49: =D49+J49 -> 0 | M49: =I49+K49 -> 0 | P49: =((O49/O48)-1) -> #DIV/0! | Q49: =IF(DAY(U$11)=0,"",IF(MONTH(U$11)<>MONTH($B49),"",YEAR($B49)-YEAR(U$11))) | S49: 0 | T49: =T48*(1+S49) -> 0 | W49: =O49+U49 -> 0 | X49: =T49+V49 -> 0 | AA49: =((Z49/Z48)-1) -> #DIV/0! | AB49: =IF(DAY(AF$11)=0,"",IF(MONTH(AF$11)<>MONTH($B49),"",YEAR($B49)-YEAR(AF$11))) | AD49: 0 | AE49: =AE48*(1+AD49) -> 0 | AH49: =Z49+AF49 -> 0 | AI49: =AE49+AG49 -> 0 | AK49: 2007 | AL49: 39083 | AM49: =L49+W49+AH49 -> 0 | AN49: =((AM49/AM48)-1) -> #DIV/0! | AO49: =M49+X49+AI49 -> 0 | AP49: =((AO49/AO48)-1) -> #DIV/0! | AR49: 35.594754 | AV49: =((AU49/AU48)-1) -> #DIV/0!
B50: 39114 | E50: =((D50/D49)-1) -> #DIV/0! | F50: =IF(DAY(J$11)=0,"",IF(MONTH(J$11)<>MONTH($B50),"",YEAR($B50)-YEAR(J$11))) | H50: 0 | I50: =I49*(1+H50) -> 0 | L50: =D50+J50 -> 0 | M50: =I50+K50 -> 0 | P50: =((O50/O49)-1) -> #DIV/0! | Q50: =IF(DAY(U$11)=0,"",IF(MONTH(U$11)<>MONTH($B50),"",YEAR($B50)-YEAR(U$11))) | S50: 0 | T50: =T49*(1+S50) -> 0 | W50: =O50+U50 -> 0 | X50: =T50+V50 -> 0 | AA50: =((Z50/Z49)-1) -> #DIV/0! | AB50: =IF(DAY(AF$11)=0,"",IF(MONTH(AF$11)<>MONTH($B50),"",YEAR($B50)-YEAR(AF$11))) | AD50: 0 | AE50: =AE49*(1+AD50) -> 0 | AH50: =Z50+AF50 -> 0 | AI50: =AE50+AG50 -> 0 | AL50: 39114 | AM50: =L50+W50+AH50 -> 0 | AN50: =((AM50/AM49)-1) -> #DIV/0! | AO50: =M50+X50+AI50 -> 0 | AP50: =((AO50/AO49)-1) -> #DIV/0! | AR50: 35.769168 | AV50: =((AU50/AU49)-1) -> #DIV/0!
B51: 39142 | E51: =((D51/D50)-1) -> #DIV/0! | F51: =IF(DAY(J$11)=0,"",IF(MONTH(J$11)<>MONTH($B51),"",YEAR($B51)-YEAR(J$11))) | H51: 0 | I51: =I50*(1+H51) -> 0 | L51: =D51+J51 -> 0 | M51: =I51+K51 -> 0 | P51: =((O51/O50)-1) -> #DIV/0! | Q51: =IF(DAY(U$11)=0,"",IF(MONTH(U$11)<>MONTH($B51),"",YEAR($B51)-YEAR(U$11))) | S51: 0 | T51: =T50*(1+S51) -> 0 | W51: =O51+U51 -> 0 | X51: =T51+V51 -> 0 | AA51: =((Z51/Z50)-1) -> #DIV/0! | AB51: =IF(DAY(AF$11)=0,"",IF(MONTH(AF$11)<>MONTH($B51),"",YEAR($B51)-YEAR(AF$11))) | AD51: 0 | AE51: =AE50*(1+AD51) -> 0 | AH51: =Z51+AF51 -> 0 | AI51: =AE51+AG51 -> 0 | AL51: 39142 | AM51: =L51+W51+AH51 -> 0 | AN51: =((AM51/AM50)-1) -> #DIV/0! | AO51: =M51+X51+AI51 -> 0 | AP51: =((AO51/AO50)-1) -> #DIV/0! | AR51: 35.919398 | AV51: =((AU51/AU50)-1) -> #DIV/0!
B52: 39173 | E52: =((D52/D51)-1) -> #DIV/0! | F52: =IF(DAY(J$11)=0,"",IF(MONTH(J$11)<>MONTH($B52),"",YEAR($B52)-YEAR(J$11))) | H52: 0 | I52: =I51*(1+H52) -> 0 | L52: =D52+J52 -> 0 | M52: =I52+K52 -> 0 | P52: =((O52/O51)-1) -> #DIV/0! | Q52: =IF(DAY(U$11)=0,"",IF(MONTH(U$11)<>MONTH($B52),"",YEAR($B52)-YEAR(U$11))) | S52: 0 | T52: =T51*(1+S52) -> 0 | W52: =O52+U52 -> 0 | X52: =T52+V52 -> 0 | AA52: =((Z52/Z51)-1) -> #DIV/0! | AB52: =IF(DAY(AF$11)=0,"",IF(MONTH(AF$11)<>MONTH($B52),"",YEAR($B52)-YEAR(AF$11))) | AD52: 0 | AE52: =AE51*(1+AD52) -> 0 | AH52: =Z52+AF52 -> 0 | AI52: =AE52+AG52 -> 0 | AL52: 39173 | AM52: =L52+W52+AH52 -> 0 | AN52: =((AM52/AM51)-1) -> #DIV/0! | AO52: =M52+X52+AI52 -> 0 | AP52: =((AO52/AO51)-1) -> #DIV/0! | AR52: 36.077443 | AV52: =((AU52/AU51)-1) -> #DIV/0!
B53: 39203 | E53: =((D53/D52)-1) -> #DIV/0! | F53: =IF(DAY(J$11)=0,"",IF(MONTH(J$11)<>MONTH($B53),"",YEAR($B53)-YEAR(J$11))) | H53: 0 | I53: =I52*(1+H53) -> 0 | L53: =D53+J53 -> 0 | M53: =I53+K53 -> 0 | P53: =((O53/O52)-1) -> #DIV/0! | Q53: =IF(DAY(U$11)=0,"",IF(MONTH(U$11)<>MONTH($B53),"",YEAR($B53)-YEAR(U$11))) | S53: 0 | T53: =T52*(1+S53) -> 0 | W53: =O53+U53 -> 0 | X53: =T53+V53 -> 0 | AA53: =((Z53/Z52)-1) -> #DIV/0! | AB53: =IF(DAY(AF$11)=0,"",IF(MONTH(AF$11)<>MONTH($B53),"",YEAR($B53)-YEAR(AF$11))) | AD53: 0 | AE53: =AE52*(1+AD53) -> 0 | AH53: =Z53+AF53 -> 0 | AI53: =AE53+AG53 -> 0 | AL53: 39203 | AM53: =L53+W53+AH53 -> 0 | AN53: =((AM53/AM52)-1) -> #DIV/0! | AO53: =M53+X53+AI53 -> 0 | AP53: =((AO53/AO52)-1) -> #DIV/0! | AR53: 36.171244 | AV53: =((AU53/AU52)-1) -> #DIV/0!
B54: 39234 | E54: =((D54/D53)-1) -> #DIV/0! | F54: =IF(DAY(J$11)=0,"",IF(MONTH(J$11)<>MONTH($B54),"",YEAR($B54)-YEAR(J$11))) | H54: 0 | I54: =I53*(1+H54) -> 0 | L54: =D54+J54 -> 0 | M54: =I54+K54 -> 0 | P54: =((O54/O53)-1) -> #DIV/0! | Q54: =IF(DAY(U$11)=0,"",IF(MONTH(U$11)<>MONTH($B54),"",YEAR($B54)-YEAR(U$11))) | S54: 0 | T54: =T53*(1+S54) -> 0 | W54: =O54+U54 -> 0 | X54: =T54+V54 -> 0 | AA54: =((Z54/Z53)-1) -> #DIV/0! | AB54: =IF(DAY(AF$11)=0,"",IF(MONTH(AF$11)<>MONTH($B54),"",YEAR($B54)-YEAR(AF$11))) | AD54: 0 | AE54: =AE53*(1+AD54) -> 0 | AH54: =Z54+AF54 -> 0 | AI54: =AE54+AG54 -> 0 | AL54: 39234 | AM54: =L54+W54+AH54 -> 0 | AN54: =((AM54/AM53)-1) -> #DIV/0! | AO54: =M54+X54+AI54 -> 0 | AP54: =((AO54/AO53)-1) -> #DIV/0! | AR54: 36.265289 | AV54: =((AU54/AU53)-1) -> #DIV/0!
B55: 39264 | E55: =((D55/D54)-1) -> #DIV/0! | F55: =IF(DAY(J$11)=0,"",IF(MONTH(J$11)<>MONTH($B55),"",YEAR($B55)-YEAR(J$11))) | G55: Anual | H55: 0.0576 | I55: =I54*(1+H55) -> 0 | L55: =D55+J55 -> 0 | M55: =I55+K55 -> 0 | P55: =((O55/O54)-1) -> #DIV/0! | Q55: =IF(DAY(U$11)=0,"",IF(MONTH(U$11)<>MONTH($B55),"",YEAR($B55)-YEAR(U$11))) | R55: Anual | S55: 0.0576 | T55: =T54*(1+S55) -> 0 | W55: =O55+U55 -> 0 | X55: =T55+V55 -> 0 | AA55: =((Z55/Z54)-1) -> #DIV/0! | AB55: =IF(DAY(AF$11)=0,"",IF(MONTH(AF$11)<>MONTH($B55),"",YEAR($B55)-YEAR(AF$11))) | AC55: Anual | AD55: 0.0576 | AE55: =AE54*(1+AD55) -> 0 | AH55: =Z55+AF55 -> 0 | AI55: =AE55+AG55 -> 0 | AL55: 39264 | AM55: =L55+W55+AH55 -> 0 | AN55: =((AM55/AM54)-1) -> #DIV/0! | AO55: =M55+X55+AI55 -> 0 | AP55: =((AO55/AO54)-1) -> #DIV/0! | AR55: 36.377711 | AV55: =((AU55/AU54)-1) -> #DIV/0!
B56: 39295 | E56: =((D56/D55)-1) -> #DIV/0! | F56: =IF(DAY(J$11)=0,"",IF(MONTH(J$11)<>MONTH($B56),"",YEAR($B56)-YEAR(J$11))) | H56: 0 | I56: =I55*(1+H56) -> 0 | L56: =D56+J56 -> 0 | M56: =I56+K56 -> 0 | P56: =((O56/O55)-1) -> #DIV/0! | Q56: =IF(DAY(U$11)=0,"",IF(MONTH(U$11)<>MONTH($B56),"",YEAR($B56)-YEAR(U$11))) | S56: 0 | T56: =T55*(1+S56) -> 0 | W56: =O56+U56 -> 0 | X56: =T56+V56 -> 0 | AA56: =((Z56/Z55)-1) -> #DIV/0! | AB56: =IF(DAY(AF$11)=0,"",IF(MONTH(AF$11)<>MONTH($B56),"",YEAR($B56)-YEAR(AF$11))) | AD56: 0 | AE56: =AE55*(1+AD56) -> 0 | AH56: =Z56+AF56 -> 0 | AI56: =AE56+AG56 -> 0 | AL56: 39295 | AM56: =L56+W56+AH56 -> 0 | AN56: =((AM56/AM55)-1) -> #DIV/0! | AO56: =M56+X56+AI56 -> 0 | AP56: =((AO56/AO55)-1) -> #DIV/0! | AR56: 36.494119 | AV56: =((AU56/AU55)-1) -> #DIV/0!
B57: 39326 | E57: =((D57/D56)-1) -> #DIV/0! | F57: =IF(DAY(J$11)=0,"",IF(MONTH(J$11)<>MONTH($B57),"",YEAR($B57)-YEAR(J$11))) | H57: 0 | I57: =I56*(1+H57) -> 0 | L57: =D57+J57 -> 0 | M57: =I57+K57 -> 0 | P57: =((O57/O56)-1) -> #DIV/0! | Q57: =IF(DAY(U$11)=0,"",IF(MONTH(U$11)<>MONTH($B57),"",YEAR($B57)-YEAR(U$11))) | S57: 0 | T57: =T56*(1+S57) -> 0 | W57: =O57+U57 -> 0 | X57: =T57+V57 -> 0 | AA57: =((Z57/Z56)-1) -> #DIV/0! | AB57: =IF(DAY(AF$11)=0,"",IF(MONTH(AF$11)<>MONTH($B57),"",YEAR($B57)-YEAR(AF$11))) | AD57: 0 | AE57: =AE56*(1+AD57) -> 0 | AH57: =Z57+AF57 -> 0 | AI57: =AE57+AG57 -> 0 | AL57: 39326 | AM57: =L57+W57+AH57 -> 0 | AN57: =((AM57/AM56)-1) -> #DIV/0! | AO57: =M57+X57+AI57 -> 0 | AP57: =((AO57/AO56)-1) -> #DIV/0! | AR57: 36.709434 | AV57: =((AU57/AU56)-1) -> #DIV/0!
B58: 39356 | E58: =((D58/D57)-1) -> #DIV/0! | F58: =IF(DAY(J$11)=0,"",IF(MONTH(J$11)<>MONTH($B58),"",YEAR($B58)-YEAR(J$11))) | H58: 0 | I58: =I57*(1+H58) -> 0 | L58: =D58+J58 -> 0 | M58: =I58+K58 -> 0 | P58: =((O58/O57)-1) -> #DIV/0! | Q58: =IF(DAY(U$11)=0,"",IF(MONTH(U$11)<>MONTH($B58),"",YEAR($B58)-YEAR(U$11))) | S58: 0 | T58: =T57*(1+S58) -> 0 | W58: =O58+U58 -> 0 | X58: =T58+V58 -> 0 | AA58: =((Z58/Z57)-1) -> #DIV/0! | AB58: =IF(DAY(AF$11)=0,"",IF(MONTH(AF$11)<>MONTH($B58),"",YEAR($B58)-YEAR(AF$11))) | AD58: 0 | AE58: =AE57*(1+AD58) -> 0 | AH58: =Z58+AF58 -> 0 | AI58: =AE58+AG58 -> 0 | AL58: 39356 | AM58: =L58+W58+AH58 -> 0 | AN58: =((AM58/AM57)-1) -> #DIV/0! | AO58: =M58+X58+AI58 -> 0 | AP58: =((AO58/AO57)-1) -> #DIV/0! | AR58: 36.801207 | AV58: =((AU58/AU57)-1) -> #DIV/0!
B59: 39387 | E59: =((D59/D58)-1) -> #DIV/0! | F59: =IF(DAY(J$11)=0,"",IF(MONTH(J$11)<>MONTH($B59),"",YEAR($B59)-YEAR(J$11))) | H59: 0 | I59: =I58*(1+H59) -> 0 | L59: =D59+J59 -> 0 | M59: =I59+K59 -> 0 | P59: =((O59/O58)-1) -> #DIV/0! | Q59: =IF(DAY(U$11)=0,"",IF(MONTH(U$11)<>MONTH($B59),"",YEAR($B59)-YEAR(U$11))) | S59: 0 | T59: =T58*(1+S59) -> 0 | W59: =O59+U59 -> 0 | X59: =T59+V59 -> 0 | AA59: =((Z59/Z58)-1) -> #DIV/0! | AB59: =IF(DAY(AF$11)=0,"",IF(MONTH(AF$11)<>MONTH($B59),"",YEAR($B59)-YEAR(AF$11))) | AD59: 0 | AE59: =AE58*(1+AD59) -> 0 | AH59: =Z59+AF59 -> 0 | AI59: =AE59+AG59 -> 0 | AL59: 39387 | AM59: =L59+W59+AH59 -> 0 | AN59: =((AM59/AM58)-1) -> #DIV/0! | AO59: =M59+X59+AI59 -> 0 | AP59: =((AO59/AO58)-1) -> #DIV/0! | AR59: 36.91161 | AV59: =((AU59/AU58)-1) -> #DIV/0!
B60: 39417 | E60: =((D60/D59)-1) -> #DIV/0! | F60: =IF(DAY(J$11)=0,"",IF(MONTH(J$11)<>MONTH($B60),"",YEAR($B60)-YEAR(J$11))) | H60: 0 | I60: =I59*(1+H60) -> 0 | L60: =D60+J60 -> 0 | M60: =I60+K60 -> 0 | P60: =((O60/O59)-1) -> #DIV/0! | Q60: =IF(DAY(U$11)=0,"",IF(MONTH(U$11)<>MONTH($B60),"",YEAR($B60)-YEAR(U$11))) | S60: 0 | T60: =T59*(1+S60) -> 0 | W60: =O60+U60 -> 0 | X60: =T60+V60 -> 0 | AA60: =((Z60/Z59)-1) -> #DIV/0! | AB60: =IF(DAY(AF$11)=0,"",IF(MONTH(AF$11)<>MONTH($B60),"",YEAR($B60)-YEAR(AF$11))) | AD60: 0 | AE60: =AE59*(1+AD60) -> 0 | AH60: =Z60+AF60 -> 0 | AI60: =AE60+AG60 -> 0 | AL60: 39417 | AM60: =L60+W60+AH60 -> 0 | AN60: =((AM60/AM59)-1) -> #DIV/0! | AO60: =M60+X60+AI60 -> 0 | AP60: =((AO60/AO59)-1) -> #DIV/0! | AR60: 37.070329 | AV60: =((AU60/AU59)-1) -> #DIV/0!
A61: 2008 | B61: 39448 | E61: =((D61/D60)-1) -> #DIV/0! | F61: =IF(DAY(J$11)=0,"",IF(MONTH(J$11)<>MONTH($B61),"",YEAR($B61)-YEAR(J$11))) | H61: 0 | I61: =I60*(1+H61) -> 0 | L61: =D61+J61 -> 0 | M61: =I61+K61 -> 0 | P61: =((O61/O60)-1) -> #DIV/0! | Q61: =IF(DAY(U$11)=0,"",IF(MONTH(U$11)<>MONTH($B61),"",YEAR($B61)-YEAR(U$11))) | S61: 0 | T61: =T60*(1+S61) -> 0 | W61: =O61+U61 -> 0 | X61: =T61+V61 -> 0 | AA61: =((Z61/Z60)-1) -> #DIV/0! | AB61: =IF(DAY(AF$11)=0,"",IF(MONTH(AF$11)<>MONTH($B61),"",YEAR($B61)-YEAR(AF$11))) | AD61: 0 | AE61: =AE60*(1+AD61) -> 0 | AH61: =Z61+AF61 -> 0 | AI61: =AE61+AG61 -> 0 | AK61: 2008 | AL61: 39448 | AM61: =L61+W61+AH61 -> 0 | AN61: =((AM61/AM60)-1) -> #DIV/0! | AO61: =M61+X61+AI61 -> 0 | AP61: =((AO61/AO60)-1) -> #DIV/0! | AR61: 37.429911 | AV61: =((AU61/AU60)-1) -> #DIV/0!
B62: 39479 | E62: =((D62/D61)-1) -> #DIV/0! | F62: =IF(DAY(J$11)=0,"",IF(MONTH(J$11)<>MONTH($B62),"",YEAR($B62)-YEAR(J$11))) | H62: 0 | I62: =I61*(1+H62) -> 0 | L62: =D62+J62 -> 0 | M62: =I62+K62 -> 0 | P62: =((O62/O61)-1) -> #DIV/0! | Q62: =IF(DAY(U$11)=0,"",IF(MONTH(U$11)<>MONTH($B62),"",YEAR($B62)-YEAR(U$11))) | S62: 0 | T62: =T61*(1+S62) -> 0 | W62: =O62+U62 -> 0 | X62: =T62+V62 -> 0 | AA62: =((Z62/Z61)-1) -> #DIV/0! | AB62: =IF(DAY(AF$11)=0,"",IF(MONTH(AF$11)<>MONTH($B62),"",YEAR($B62)-YEAR(AF$11))) | AD62: 0 | AE62: =AE61*(1+AD62) -> 0 | AH62: =Z62+AF62 -> 0 | AI62: =AE62+AG62 -> 0 | AL62: 39479 | AM62: =L62+W62+AH62 -> 0 | AN62: =((AM62/AM61)-1) -> #DIV/0! | AO62: =M62+X62+AI62 -> 0 | AP62: =((AO62/AO61)-1) -> #DIV/0! | AR62: 37.688177 | AV62: =((AU62/AU61)-1) -> #DIV/0!
B63: 39508 | E63: =((D63/D62)-1) -> #DIV/0! | F63: =IF(DAY(J$11)=0,"",IF(MONTH(J$11)<>MONTH($B63),"",YEAR($B63)-YEAR(J$11))) | H63: 0 | I63: =I62*(1+H63) -> 0 | L63: =D63+J63 -> 0 | M63: =I63+K63 -> 0 | P63: =((O63/O62)-1) -> #DIV/0! | Q63: =IF(DAY(U$11)=0,"",IF(MONTH(U$11)<>MONTH($B63),"",YEAR($B63)-YEAR(U$11))) | S63: 0 | T63: =T62*(1+S63) -> 0 | W63: =O63+U63 -> 0 | X63: =T63+V63 -> 0 | AA63: =((Z63/Z62)-1) -> #DIV/0! | AB63: =IF(DAY(AF$11)=0,"",IF(MONTH(AF$11)<>MONTH($B63),"",YEAR($B63)-YEAR(AF$11))) | AD63: 0 | AE63: =AE62*(1+AD63) -> 0 | AH63: =Z63+AF63 -> 0 | AI63: =AE63+AG63 -> 0 | AL63: 39508 | AM63: =L63+W63+AH63 -> 0 | AN63: =((AM63/AM62)-1) -> #DIV/0! | AO63: =M63+X63+AI63 -> 0 | AP63: =((AO63/AO62)-1) -> #DIV/0! | AR63: 37.86908 | AV63: =((AU63/AU62)-1) -> #DIV/0!
B64: 39539 | E64: =((D64/D63)-1) -> #DIV/0! | F64: =IF(DAY(J$11)=0,"",IF(MONTH(J$11)<>MONTH($B64),"",YEAR($B64)-YEAR(J$11))) | H64: 0 | I64: =I63*(1+H64) -> 0 | L64: =D64+J64 -> 0 | M64: =I64+K64 -> 0 | P64: =((O64/O63)-1) -> #DIV/0! | Q64: =IF(DAY(U$11)=0,"",IF(MONTH(U$11)<>MONTH($B64),"",YEAR($B64)-YEAR(U$11))) | S64: 0 | T64: =T63*(1+S64) -> 0 | W64: =O64+U64 -> 0 | X64: =T64+V64 -> 0 | AA64: =((Z64/Z63)-1) -> #DIV/0! | AB64: =IF(DAY(AF$11)=0,"",IF(MONTH(AF$11)<>MONTH($B64),"",YEAR($B64)-YEAR(AF$11))) | AD64: 0 | AE64: =AE63*(1+AD64) -> 0 | AH64: =Z64+AF64 -> 0 | AI64: =AE64+AG64 -> 0 | AL64: 39539 | AM64: =L64+W64+AH64 -> 0 | AN64: =((AM64/AM63)-1) -> #DIV/0! | AO64: =M64+X64+AI64 -> 0 | AP64: =((AO64/AO63)-1) -> #DIV/0! | AR64: 38.062212 | AV64: =((AU64/AU63)-1) -> #DIV/0!
B65: 39569 | E65: =((D65/D64)-1) -> #DIV/0! | F65: =IF(DAY(J$11)=0,"",IF(MONTH(J$11)<>MONTH($B65),"",YEAR($B65)-YEAR(J$11))) | H65: 0 | I65: =I64*(1+H65) -> 0 | L65: =D65+J65 -> 0 | M65: =I65+K65 -> 0 | P65: =((O65/O64)-1) -> #DIV/0! | Q65: =IF(DAY(U$11)=0,"",IF(MONTH(U$11)<>MONTH($B65),"",YEAR($B65)-YEAR(U$11))) | S65: 0 | T65: =T64*(1+S65) -> 0 | W65: =O65+U65 -> 0 | X65: =T65+V65 -> 0 | AA65: =((Z65/Z64)-1) -> #DIV/0! | AB65: =IF(DAY(AF$11)=0,"",IF(MONTH(AF$11)<>MONTH($B65),"",YEAR($B65)-YEAR(AF$11))) | AD65: 0 | AE65: =AE64*(1+AD65) -> 0 | AH65: =Z65+AF65 -> 0 | AI65: =AE65+AG65 -> 0 | AL65: 39569 | AM65: =L65+W65+AH65 -> 0 | AN65: =((AM65/AM64)-1) -> #DIV/0! | AO65: =M65+X65+AI65 -> 0 | AP65: =((AO65/AO64)-1) -> #DIV/0! | AR65: 38.30581 | AV65: =((AU65/AU64)-1) -> #DIV/0!
B66: 39600 | E66: =((D66/D65)-1) -> #DIV/0! | F66: =IF(DAY(J$11)=0,"",IF(MONTH(J$11)<>MONTH($B66),"",YEAR($B66)-YEAR(J$11))) | H66: 0 | I66: =I65*(1+H66) -> 0 | L66: =D66+J66 -> 0 | M66: =I66+K66 -> 0 | P66: =((O66/O65)-1) -> #DIV/0! | Q66: =IF(DAY(U$11)=0,"",IF(MONTH(U$11)<>MONTH($B66),"",YEAR($B66)-YEAR(U$11))) | S66: 0 | T66: =T65*(1+S66) -> 0 | W66: =O66+U66 -> 0 | X66: =T66+V66 -> 0 | AA66: =((Z66/Z65)-1) -> #DIV/0! | AB66: =IF(DAY(AF$11)=0,"",IF(MONTH(AF$11)<>MONTH($B66),"",YEAR($B66)-YEAR(AF$11))) | AD66: 0 | AE66: =AE65*(1+AD66) -> 0 | AH66: =Z66+AF66 -> 0 | AI66: =AE66+AG66 -> 0 | AL66: 39600 | AM66: =L66+W66+AH66 -> 0 | AN66: =((AM66/AM65)-1) -> #DIV/0! | AO66: =M66+X66+AI66 -> 0 | AP66: =((AO66/AO65)-1) -> #DIV/0! | AR66: 38.673545 | AV66: =((AU66/AU65)-1) -> #DIV/0!
B67: 39630 | E67: =((D67/D66)-1) -> #DIV/0! | F67: =IF(DAY(J$11)=0,"",IF(MONTH(J$11)<>MONTH($B67),"",YEAR($B67)-YEAR(J$11))) | G67: Anual | H67: 0.0548 | I67: =I66*(1+H67) -> 0 | L67: =D67+J67 -> 0 | M67: =I67+K67 -> 0 | P67: =((O67/O66)-1) -> #DIV/0! | Q67: =IF(DAY(U$11)=0,"",IF(MONTH(U$11)<>MONTH($B67),"",YEAR($B67)-YEAR(U$11))) | R67: Anual | S67: 0.0548 | T67: =T66*(1+S67) -> 0 | W67: =O67+U67 -> 0 | X67: =T67+V67 -> 0 | AA67: =((Z67/Z66)-1) -> #DIV/0! | AB67: =IF(DAY(AF$11)=0,"",IF(MONTH(AF$11)<>MONTH($B67),"",YEAR($B67)-YEAR(AF$11))) | AC67: Anual | AD67: 0.0548 | AE67: =AE66*(1+AD67) -> 0 | AH67: =Z67+AF67 -> 0 | AI67: =AE67+AG67 -> 0 | AL67: 39630 | AM67: =L67+W67+AH67 -> 0 | AN67: =((AM67/AM66)-1) -> #DIV/0! | AO67: =M67+X67+AI67 -> 0 | AP67: =((AO67/AO66)-1) -> #DIV/0! | AR67: 39.025474 | AV67: =((AU67/AU66)-1) -> #DIV/0!
B68: 39661 | E68: =((D68/D67)-1) -> #DIV/0! | F68: =IF(DAY(J$11)=0,"",IF(MONTH(J$11)<>MONTH($B68),"",YEAR($B68)-YEAR(J$11))) | H68: 0 | I68: =I67*(1+H68) -> 0 | L68: =D68+J68 -> 0 | M68: =I68+K68 -> 0 | P68: =((O68/O67)-1) -> #DIV/0! | Q68: =IF(DAY(U$11)=0,"",IF(MONTH(U$11)<>MONTH($B68),"",YEAR($B68)-YEAR(U$11))) | S68: 0 | T68: =T67*(1+S68) -> 0 | W68: =O68+U68 -> 0 | X68: =T68+V68 -> 0 | AA68: =((Z68/Z67)-1) -> #DIV/0! | AB68: =IF(DAY(AF$11)=0,"",IF(MONTH(AF$11)<>MONTH($B68),"",YEAR($B68)-YEAR(AF$11))) | AD68: 0 | AE68: =AE67*(1+AD68) -> 0 | AH68: =Z68+AF68 -> 0 | AI68: =AE68+AG68 -> 0 | AL68: 39661 | AM68: =L68+W68+AH68 -> 0 | AN68: =((AM68/AM67)-1) -> #DIV/0! | AO68: =M68+X68+AI68 -> 0 | AP68: =((AO68/AO67)-1) -> #DIV/0! | AR68: 39.251821 | AV68: =((AU68/AU67)-1) -> #DIV/0!
B69: 39692 | E69: =((D69/D68)-1) -> #DIV/0! | F69: =IF(DAY(J$11)=0,"",IF(MONTH(J$11)<>MONTH($B69),"",YEAR($B69)-YEAR(J$11))) | H69: 0 | I69: =I68*(1+H69) -> 0 | L69: =D69+J69 -> 0 | M69: =I69+K69 -> 0 | P69: =((O69/O68)-1) -> #DIV/0! | Q69: =IF(DAY(U$11)=0,"",IF(MONTH(U$11)<>MONTH($B69),"",YEAR($B69)-YEAR(U$11))) | S69: 0 | T69: =T68*(1+S69) -> 0 | W69: =O69+U69 -> 0 | X69: =T69+V69 -> 0 | AA69: =((Z69/Z68)-1) -> #DIV/0! | AB69: =IF(DAY(AF$11)=0,"",IF(MONTH(AF$11)<>MONTH($B69),"",YEAR($B69)-YEAR(AF$11))) | AD69: 0 | AE69: =AE68*(1+AD69) -> 0 | AH69: =Z69+AF69 -> 0 | AI69: =AE69+AG69 -> 0 | AL69: 39692 | AM69: =L69+W69+AH69 -> 0 | AN69: =((AM69/AM68)-1) -> #DIV/0! | AO69: =M69+X69+AI69 -> 0 | AP69: =((AO69/AO68)-1) -> #DIV/0! | AR69: 39.334249 | AV69: =((AU69/AU68)-1) -> #DIV/0!
B70: 39722 | E70: =((D70/D69)-1) -> #DIV/0! | F70: =IF(DAY(J$11)=0,"",IF(MONTH(J$11)<>MONTH($B70),"",YEAR($B70)-YEAR(J$11))) | H70: 0 | I70: =I69*(1+H70) -> 0 | L70: =D70+J70 -> 0 | M70: =I70+K70 -> 0 | P70: =((O70/O69)-1) -> #DIV/0! | Q70: =IF(DAY(U$11)=0,"",IF(MONTH(U$11)<>MONTH($B70),"",YEAR($B70)-YEAR(U$11))) | S70: 0 | T70: =T69*(1+S70) -> 0 | W70: =O70+U70 -> 0 | X70: =T70+V70 -> 0 | AA70: =((Z70/Z69)-1) -> #DIV/0! | AB70: =IF(DAY(AF$11)=0,"",IF(MONTH(AF$11)<>MONTH($B70),"",YEAR($B70)-YEAR(AF$11))) | AD70: 0 | AE70: =AE69*(1+AD70) -> 0 | AH70: =Z70+AF70 -> 0 | AI70: =AE70+AG70 -> 0 | AL70: 39722 | AM70: =L70+W70+AH70 -> 0 | AN70: =((AM70/AM69)-1) -> #DIV/0! | AO70: =M70+X70+AI70 -> 0 | AP70: =((AO70/AO69)-1) -> #DIV/0! | AR70: 39.39325 | AV70: =((AU70/AU69)-1) -> #DIV/0!
B71: 39753 | E71: =((D71/D70)-1) -> #DIV/0! | F71: =IF(DAY(J$11)=0,"",IF(MONTH(J$11)<>MONTH($B71),"",YEAR($B71)-YEAR(J$11))) | H71: 0 | I71: =I70*(1+H71) -> 0 | L71: =D71+J71 -> 0 | M71: =I71+K71 -> 0 | P71: =((O71/O70)-1) -> #DIV/0! | Q71: =IF(DAY(U$11)=0,"",IF(MONTH(U$11)<>MONTH($B71),"",YEAR($B71)-YEAR(U$11))) | S71: 0 | T71: =T70*(1+S71) -> 0 | W71: =O71+U71 -> 0 | X71: =T71+V71 -> 0 | AA71: =((Z71/Z70)-1) -> #DIV/0! | AB71: =IF(DAY(AF$11)=0,"",IF(MONTH(AF$11)<>MONTH($B71),"",YEAR($B71)-YEAR(AF$11))) | AD71: 0 | AE71: =AE70*(1+AD71) -> 0 | AH71: =Z71+AF71 -> 0 | AI71: =AE71+AG71 -> 0 | AL71: 39753 | AM71: =L71+W71+AH71 -> 0 | AN71: =((AM71/AM70)-1) -> #DIV/0! | AO71: =M71+X71+AI71 -> 0 | AP71: =((AO71/AO70)-1) -> #DIV/0! | AR71: 39.590216 | AV71: =((AU71/AU70)-1) -> #DIV/0!
B72: 39783 | E72: =((D72/D71)-1) -> #DIV/0! | F72: =IF(DAY(J$11)=0,"",IF(MONTH(J$11)<>MONTH($B72),"",YEAR($B72)-YEAR(J$11))) | H72: 0 | I72: =I71*(1+H72) -> 0 | L72: =D72+J72 -> 0 | M72: =I72+K72 -> 0 | P72: =((O72/O71)-1) -> #DIV/0! | Q72: =IF(DAY(U$11)=0,"",IF(MONTH(U$11)<>MONTH($B72),"",YEAR($B72)-YEAR(U$11))) | S72: 0 | T72: =T71*(1+S72) -> 0 | W72: =O72+U72 -> 0 | X72: =T72+V72 -> 0 | AA72: =((Z72/Z71)-1) -> #DIV/0! | AB72: =IF(DAY(AF$11)=0,"",IF(MONTH(AF$11)<>MONTH($B72),"",YEAR($B72)-YEAR(AF$11))) | AD72: 0 | AE72: =AE71*(1+AD72) -> 0 | AH72: =Z72+AF72 -> 0 | AI72: =AE72+AG72 -> 0 | AL72: 39783 | AM72: =L72+W72+AH72 -> 0 | AN72: =((AM72/AM71)-1) -> #DIV/0! | AO72: =M72+X72+AI72 -> 0 | AP72: =((AO72/AO71)-1) -> #DIV/0! | AR72: 39.740658 | AV72: =((AU72/AU71)-1) -> #DIV/0!
A73: 2009 | B73: 39814 | E73: =((D73/D72)-1) -> #DIV/0! | F73: =IF(DAY(J$11)=0,"",IF(MONTH(J$11)<>MONTH($B73),"",YEAR($B73)-YEAR(J$11))) | H73: 0 | I73: =I72*(1+H73) -> 0 | L73: =D73+J73 -> 0 | M73: =I73+K73 -> 0 | P73: =((O73/O72)-1) -> #DIV/0! | Q73: =IF(DAY(U$11)=0,"",IF(MONTH(U$11)<>MONTH($B73),"",YEAR($B73)-YEAR(U$11))) | S73: 0 | T73: =T72*(1+S73) -> 0 | W73: =O73+U73 -> 0 | X73: =T73+V73 -> 0 | AA73: =((Z73/Z72)-1) -> #DIV/0! | AB73: =IF(DAY(AF$11)=0,"",IF(MONTH(AF$11)<>MONTH($B73),"",YEAR($B73)-YEAR(AF$11))) | AD73: 0 | AE73: =AE72*(1+AD73) -> 0 | AH73: =Z73+AF73 -> 0 | AI73: =AE73+AG73 -> 0 | AK73: 2009 | AL73: 39814 | AM73: =L73+W73+AH73 -> 0 | AN73: =((AM73/AM72)-1) -> #DIV/0! | AO73: =M73+X73+AI73 -> 0 | AP73: =((AO73/AO72)-1) -> #DIV/0! | AR73: 39.855905 | AV73: =((AU73/AU72)-1) -> #DIV/0!
B74: 39845 | E74: =((D74/D73)-1) -> #DIV/0! | F74: =IF(DAY(J$11)=0,"",IF(MONTH(J$11)<>MONTH($B74),"",YEAR($B74)-YEAR(J$11))) | H74: 0 | I74: =I73*(1+H74) -> 0 | L74: =D74+J74 -> 0 | M74: =I74+K74 -> 0 | P74: =((O74/O73)-1) -> #DIV/0! | Q74: =IF(DAY(U$11)=0,"",IF(MONTH(U$11)<>MONTH($B74),"",YEAR($B74)-YEAR(U$11))) | S74: 0 | T74: =T73*(1+S74) -> 0 | W74: =O74+U74 -> 0 | X74: =T74+V74 -> 0 | AA74: =((Z74/Z73)-1) -> #DIV/0! | AB74: =IF(DAY(AF$11)=0,"",IF(MONTH(AF$11)<>MONTH($B74),"",YEAR($B74)-YEAR(AF$11))) | AD74: 0 | AE74: =AE73*(1+AD74) -> 0 | AH74: =Z74+AF74 -> 0 | AI74: =AE74+AG74 -> 0 | AL74: 39845 | AM74: =L74+W74+AH74 -> 0 | AN74: =((AM74/AM73)-1) -> #DIV/0! | AO74: =M74+X74+AI74 -> 0 | AP74: =((AO74/AO73)-1) -> #DIV/0! | AR74: 40.110982 | AV74: =((AU74/AU73)-1) -> #DIV/0!
B75: 39873 | E75: =((D75/D74)-1) -> #DIV/0! | F75: =IF(DAY(J$11)=0,"",IF(MONTH(J$11)<>MONTH($B75),"",YEAR($B75)-YEAR(J$11))) | H75: 0 | I75: =I74*(1+H75) -> 0 | L75: =D75+J75 -> 0 | M75: =I75+K75 -> 0 | P75: =((O75/O74)-1) -> #DIV/0! | Q75: =IF(DAY(U$11)=0,"",IF(MONTH(U$11)<>MONTH($B75),"",YEAR($B75)-YEAR(U$11))) | S75: 0 | T75: =T74*(1+S75) -> 0 | W75: =O75+U75 -> 0 | X75: =T75+V75 -> 0 | AA75: =((Z75/Z74)-1) -> #DIV/0! | AB75: =IF(DAY(AF$11)=0,"",IF(MONTH(AF$11)<>MONTH($B75),"",YEAR($B75)-YEAR(AF$11))) | AD75: 0 | AE75: =AE74*(1+AD75) -> 0 | AH75: =Z75+AF75 -> 0 | AI75: =AE75+AG75 -> 0 | AL75: 39873 | AM75: =L75+W75+AH75 -> 0 | AN75: =((AM75/AM74)-1) -> #DIV/0! | AO75: =M75+X75+AI75 -> 0 | AP75: =((AO75/AO74)-1) -> #DIV/0! | AR75: 40.235326 | AV75: =((AU75/AU74)-1) -> #DIV/0!
B76: 39904 | E76: =((D76/D75)-1) -> #DIV/0! | F76: =IF(DAY(J$11)=0,"",IF(MONTH(J$11)<>MONTH($B76),"",YEAR($B76)-YEAR(J$11))) | H76: 0 | I76: =I75*(1+H76) -> 0 | L76: =D76+J76 -> 0 | M76: =I76+K76 -> 0 | P76: =((O76/O75)-1) -> #DIV/0! | Q76: =IF(DAY(U$11)=0,"",IF(MONTH(U$11)<>MONTH($B76),"",YEAR($B76)-YEAR(U$11))) | S76: 0 | T76: =T75*(1+S76) -> 0 | W76: =O76+U76 -> 0 | X76: =T76+V76 -> 0 | AA76: =((Z76/Z75)-1) -> #DIV/0! | AB76: =IF(DAY(AF$11)=0,"",IF(MONTH(AF$11)<>MONTH($B76),"",YEAR($B76)-YEAR(AF$11))) | AD76: 0 | AE76: =AE75*(1+AD76) -> 0 | AH76: =Z76+AF76 -> 0 | AI76: =AE76+AG76 -> 0 | AL76: 39904 | AM76: =L76+W76+AH76 -> 0 | AN76: =((AM76/AM75)-1) -> #DIV/0! | AO76: =M76+X76+AI76 -> 0 | AP76: =((AO76/AO75)-1) -> #DIV/0! | AR76: 40.315796 | AV76: =((AU76/AU75)-1) -> #DIV/0!
B77: 39934 | E77: =((D77/D76)-1) -> #DIV/0! | F77: =IF(DAY(J$11)=0,"",IF(MONTH(J$11)<>MONTH($B77),"",YEAR($B77)-YEAR(J$11))) | H77: 0 | I77: =I76*(1+H77) -> 0 | L77: =D77+J77 -> 0 | M77: =I77+K77 -> 0 | P77: =((O77/O76)-1) -> #DIV/0! | Q77: =IF(DAY(U$11)=0,"",IF(MONTH(U$11)<>MONTH($B77),"",YEAR($B77)-YEAR(U$11))) | S77: 0 | T77: =T76*(1+S77) -> 0 | W77: =O77+U77 -> 0 | X77: =T77+V77 -> 0 | AA77: =((Z77/Z76)-1) -> #DIV/0! | AB77: =IF(DAY(AF$11)=0,"",IF(MONTH(AF$11)<>MONTH($B77),"",YEAR($B77)-YEAR(AF$11))) | AD77: 0 | AE77: =AE76*(1+AD77) -> 0 | AH77: =Z77+AF77 -> 0 | AI77: =AE77+AG77 -> 0 | AL77: 39934 | AM77: =L77+W77+AH77 -> 0 | AN77: =((AM77/AM76)-1) -> #DIV/0! | AO77: =M77+X77+AI77 -> 0 | AP77: =((AO77/AO76)-1) -> #DIV/0! | AR77: 40.537532 | AV77: =((AU77/AU76)-1) -> #DIV/0!
B78: 39965 | E78: =((D78/D77)-1) -> #DIV/0! | F78: =IF(DAY(J$11)=0,"",IF(MONTH(J$11)<>MONTH($B78),"",YEAR($B78)-YEAR(J$11))) | H78: 0 | I78: =I77*(1+H78) -> 0 | L78: =D78+J78 -> 0 | M78: =I78+K78 -> 0 | P78: =((O78/O77)-1) -> #DIV/0! | Q78: =IF(DAY(U$11)=0,"",IF(MONTH(U$11)<>MONTH($B78),"",YEAR($B78)-YEAR(U$11))) | S78: 0 | T78: =T77*(1+S78) -> 0 | W78: =O78+U78 -> 0 | X78: =T78+V78 -> 0 | AA78: =((Z78/Z77)-1) -> #DIV/0! | AB78: =IF(DAY(AF$11)=0,"",IF(MONTH(AF$11)<>MONTH($B78),"",YEAR($B78)-YEAR(AF$11))) | AD78: 0 | AE78: =AE77*(1+AD78) -> 0 | AH78: =Z78+AF78 -> 0 | AI78: =AE78+AG78 -> 0 | AL78: 39965 | AM78: =L78+W78+AH78 -> 0 | AN78: =((AM78/AM77)-1) -> #DIV/0! | AO78: =M78+X78+AI78 -> 0 | AP78: =((AO78/AO77)-1) -> #DIV/0! | AR78: 40.780757 | AV78: =((AU78/AU77)-1) -> #DIV/0!
B79: 39995 | E79: =((D79/D78)-1) -> #DIV/0! | F79: =IF(DAY(J$11)=0,"",IF(MONTH(J$11)<>MONTH($B79),"",YEAR($B79)-YEAR(J$11))) | G79: Anual | H79: 0.0676 | I79: =I78*(1+H79) -> 0 | L79: =D79+J79 -> 0 | M79: =I79+K79 -> 0 | P79: =((O79/O78)-1) -> #DIV/0! | Q79: =IF(DAY(U$11)=0,"",IF(MONTH(U$11)<>MONTH($B79),"",YEAR($B79)-YEAR(U$11))) | R79: Anual | S79: 0.0676 | T79: =T78*(1+S79) -> 0 | W79: =O79+U79 -> 0 | X79: =T79+V79 -> 0 | AA79: =((Z79/Z78)-1) -> #DIV/0! | AB79: =IF(DAY(AF$11)=0,"",IF(MONTH(AF$11)<>MONTH($B79),"",YEAR($B79)-YEAR(AF$11))) | AC79: Anual | AD79: 0.0676 | AE79: =AE78*(1+AD79) -> 0 | AH79: =Z79+AF79 -> 0 | AI79: =AE79+AG79 -> 0 | AL79: 39995 | AM79: =L79+W79+AH79 -> 0 | AN79: =((AM79/AM78)-1) -> #DIV/0! | AO79: =M79+X79+AI79 -> 0 | AP79: =((AO79/AO78)-1) -> #DIV/0! | AR79: 40.952036 | AV79: =((AU79/AU78)-1) -> #DIV/0!
B80: 40026 | E80: =((D80/D79)-1) -> #DIV/0! | F80: =IF(DAY(J$11)=0,"",IF(MONTH(J$11)<>MONTH($B80),"",YEAR($B80)-YEAR(J$11))) | H80: 0 | I80: =I79*(1+H80) -> 0 | L80: =D80+J80 -> 0 | M80: =I80+K80 -> 0 | P80: =((O80/O79)-1) -> #DIV/0! | Q80: =IF(DAY(U$11)=0,"",IF(MONTH(U$11)<>MONTH($B80),"",YEAR($B80)-YEAR(U$11))) | S80: 0 | T80: =T79*(1+S80) -> 0 | W80: =O80+U80 -> 0 | X80: =T80+V80 -> 0 | AA80: =((Z80/Z79)-1) -> #DIV/0! | AB80: =IF(DAY(AF$11)=0,"",IF(MONTH(AF$11)<>MONTH($B80),"",YEAR($B80)-YEAR(AF$11))) | AD80: 0 | AE80: =AE79*(1+AD80) -> 0 | AH80: =Z80+AF80 -> 0 | AI80: =AE80+AG80 -> 0 | AL80: 40026 | AM80: =L80+W80+AH80 -> 0 | AN80: =((AM80/AM79)-1) -> #DIV/0! | AO80: =M80+X80+AI80 -> 0 | AP80: =((AO80/AO79)-1) -> #DIV/0! | AR80: 41.046225 | AV80: =((AU80/AU79)-1) -> #DIV/0!
B81: 40057 | E81: =((D81/D80)-1) -> #DIV/0! | F81: =IF(DAY(J$11)=0,"",IF(MONTH(J$11)<>MONTH($B81),"",YEAR($B81)-YEAR(J$11))) | H81: 0 | I81: =I80*(1+H81) -> 0 | L81: =D81+J81 -> 0 | M81: =I81+K81 -> 0 | P81: =((O81/O80)-1) -> #DIV/0! | Q81: =IF(DAY(U$11)=0,"",IF(MONTH(U$11)<>MONTH($B81),"",YEAR($B81)-YEAR(U$11))) | S81: 0 | T81: =T80*(1+S81) -> 0 | W81: =O81+U81 -> 0 | X81: =T81+V81 -> 0 | AA81: =((Z81/Z80)-1) -> #DIV/0! | AB81: =IF(DAY(AF$11)=0,"",IF(MONTH(AF$11)<>MONTH($B81),"",YEAR($B81)-YEAR(AF$11))) | AD81: 0 | AE81: =AE80*(1+AD81) -> 0 | AH81: =Z81+AF81 -> 0 | AI81: =AE81+AG81 -> 0 | AL81: 40057 | AM81: =L81+W81+AH81 -> 0 | AN81: =((AM81/AM80)-1) -> #DIV/0! | AO81: =M81+X81+AI81 -> 0 | AP81: =((AO81/AO80)-1) -> #DIV/0! | AR81: 41.079061 | AV81: =((AU81/AU80)-1) -> #DIV/0!
B82: 40087 | E82: =((D82/D81)-1) -> #DIV/0! | F82: =IF(DAY(J$11)=0,"",IF(MONTH(J$11)<>MONTH($B82),"",YEAR($B82)-YEAR(J$11))) | H82: 0 | I82: =I81*(1+H82) -> 0 | L82: =D82+J82 -> 0 | M82: =I82+K82 -> 0 | P82: =((O82/O81)-1) -> #DIV/0! | Q82: =IF(DAY(U$11)=0,"",IF(MONTH(U$11)<>MONTH($B82),"",YEAR($B82)-YEAR(U$11))) | S82: 0 | T82: =T81*(1+S82) -> 0 | W82: =O82+U82 -> 0 | X82: =T82+V82 -> 0 | AA82: =((Z82/Z81)-1) -> #DIV/0! | AB82: =IF(DAY(AF$11)=0,"",IF(MONTH(AF$11)<>MONTH($B82),"",YEAR($B82)-YEAR(AF$11))) | AD82: 0 | AE82: =AE81*(1+AD82) -> 0 | AH82: =Z82+AF82 -> 0 | AI82: =AE82+AG82 -> 0 | AL82: 40087 | AM82: =L82+W82+AH82 -> 0 | AN82: =((AM82/AM81)-1) -> #DIV/0! | AO82: =M82+X82+AI82 -> 0 | AP82: =((AO82/AO81)-1) -> #DIV/0! | AR82: 41.144787 | AV82: =((AU82/AU81)-1) -> #DIV/0!
B83: 40118 | E83: =((D83/D82)-1) -> #DIV/0! | F83: =IF(DAY(J$11)=0,"",IF(MONTH(J$11)<>MONTH($B83),"",YEAR($B83)-YEAR(J$11))) | H83: 0 | I83: =I82*(1+H83) -> 0 | L83: =D83+J83 -> 0 | M83: =I83+K83 -> 0 | P83: =((O83/O82)-1) -> #DIV/0! | Q83: =IF(DAY(U$11)=0,"",IF(MONTH(U$11)<>MONTH($B83),"",YEAR($B83)-YEAR(U$11))) | S83: 0 | T83: =T82*(1+S83) -> 0 | W83: =O83+U83 -> 0 | X83: =T83+V83 -> 0 | AA83: =((Z83/Z82)-1) -> #DIV/0! | AB83: =IF(DAY(AF$11)=0,"",IF(MONTH(AF$11)<>MONTH($B83),"",YEAR($B83)-YEAR(AF$11))) | AD83: 0 | AE83: =AE82*(1+AD83) -> 0 | AH83: =Z83+AF83 -> 0 | AI83: =AE83+AG83 -> 0 | AL83: 40118 | AM83: =L83+W83+AH83 -> 0 | AN83: =((AM83/AM82)-1) -> #DIV/0! | AO83: =M83+X83+AI83 -> 0 | AP83: =((AO83/AO82)-1) -> #DIV/0! | AR83: 41.243534 | AV83: =((AU83/AU82)-1) -> #DIV/0!
B84: 40148 | E84: =((D84/D83)-1) -> #DIV/0! | F84: =IF(DAY(J$11)=0,"",IF(MONTH(J$11)<>MONTH($B84),"",YEAR($B84)-YEAR(J$11))) | H84: 0 | I84: =I83*(1+H84) -> 0 | L84: =D84+J84 -> 0 | M84: =I84+K84 -> 0 | P84: =((O84/O83)-1) -> #DIV/0! | Q84: =IF(DAY(U$11)=0,"",IF(MONTH(U$11)<>MONTH($B84),"",YEAR($B84)-YEAR(U$11))) | S84: 0 | T84: =T83*(1+S84) -> 0 | W84: =O84+U84 -> 0 | X84: =T84+V84 -> 0 | AA84: =((Z84/Z83)-1) -> #DIV/0! | AB84: =IF(DAY(AF$11)=0,"",IF(MONTH(AF$11)<>MONTH($B84),"",YEAR($B84)-YEAR(AF$11))) | AD84: 0 | AE84: =AE83*(1+AD84) -> 0 | AH84: =Z84+AF84 -> 0 | AI84: =AE84+AG84 -> 0 | AL84: 40148 | AM84: =L84+W84+AH84 -> 0 | AN84: =((AM84/AM83)-1) -> #DIV/0! | AO84: =M84+X84+AI84 -> 0 | AP84: =((AO84/AO83)-1) -> #DIV/0! | AR84: 41.396135 | AV84: =((AU84/AU83)-1) -> #DIV/0!
A85: 2010 | B85: 40179 | E85: =((D85/D84)-1) -> #DIV/0! | F85: =IF(DAY(J$11)=0,"",IF(MONTH(J$11)<>MONTH($B85),"",YEAR($B85)-YEAR(J$11))) | H85: 0 | I85: =I84*(1+H85) -> 0 | L85: =D85+J85 -> 0 | M85: =I85+K85 -> 0 | P85: =((O85/O84)-1) -> #DIV/0! | Q85: =IF(DAY(U$11)=0,"",IF(MONTH(U$11)<>MONTH($B85),"",YEAR($B85)-YEAR(U$11))) | S85: 0 | T85: =T84*(1+S85) -> 0 | W85: =O85+U85 -> 0 | X85: =T85+V85 -> 0 | AA85: =((Z85/Z84)-1) -> #DIV/0! | AB85: =IF(DAY(AF$11)=0,"",IF(MONTH(AF$11)<>MONTH($B85),"",YEAR($B85)-YEAR(AF$11))) | AD85: 0 | AE85: =AE84*(1+AD85) -> 0 | AH85: =Z85+AF85 -> 0 | AI85: =AE85+AG85 -> 0 | AK85: 2010 | AL85: 40179 | AM85: =L85+W85+AH85 -> 0 | AN85: =((AM85/AM84)-1) -> #DIV/0! | AO85: =M85+X85+AI85 -> 0 | AP85: =((AO85/AO84)-1) -> #DIV/0! | AR85: 41.495485 | AV85: =((AU85/AU84)-1) -> #DIV/0!
B86: 40210 | E86: =((D86/D85)-1) -> #DIV/0! | F86: =IF(DAY(J$11)=0,"",IF(MONTH(J$11)<>MONTH($B86),"",YEAR($B86)-YEAR(J$11))) | H86: 0 | I86: =I85*(1+H86) -> 0 | L86: =D86+J86 -> 0 | M86: =I86+K86 -> 0 | P86: =((O86/O85)-1) -> #DIV/0! | Q86: =IF(DAY(U$11)=0,"",IF(MONTH(U$11)<>MONTH($B86),"",YEAR($B86)-YEAR(U$11))) | S86: 0 | T86: =T85*(1+S86) -> 0 | W86: =O86+U86 -> 0 | X86: =T86+V86 -> 0 | AA86: =((Z86/Z85)-1) -> #DIV/0! | AB86: =IF(DAY(AF$11)=0,"",IF(MONTH(AF$11)<>MONTH($B86),"",YEAR($B86)-YEAR(AF$11))) | AD86: 0 | AE86: =AE85*(1+AD86) -> 0 | AH86: =Z86+AF86 -> 0 | AI86: =AE86+AG86 -> 0 | AL86: 40210 | AM86: =L86+W86+AH86 -> 0 | AN86: =((AM86/AM85)-1) -> #DIV/0! | AO86: =M86+X86+AI86 -> 0 | AP86: =((AO86/AO85)-1) -> #DIV/0! | AR86: 41.860645 | AV86: =((AU86/AU85)-1) -> #DIV/0!
B87: 40238 | E87: =((D87/D86)-1) -> #DIV/0! | F87: =IF(DAY(J$11)=0,"",IF(MONTH(J$11)<>MONTH($B87),"",YEAR($B87)-YEAR(J$11))) | H87: 0 | I87: =I86*(1+H87) -> 0 | L87: =D87+J87 -> 0 | M87: =I87+K87 -> 0 | P87: =((O87/O86)-1) -> #DIV/0! | Q87: =IF(DAY(U$11)=0,"",IF(MONTH(U$11)<>MONTH($B87),"",YEAR($B87)-YEAR(U$11))) | S87: 0 | T87: =T86*(1+S87) -> 0 | W87: =O87+U87 -> 0 | X87: =T87+V87 -> 0 | AA87: =((Z87/Z86)-1) -> #DIV/0! | AB87: =IF(DAY(AF$11)=0,"",IF(MONTH(AF$11)<>MONTH($B87),"",YEAR($B87)-YEAR(AF$11))) | AD87: 0 | AE87: =AE86*(1+AD87) -> 0 | AH87: =Z87+AF87 -> 0 | AI87: =AE87+AG87 -> 0 | AL87: 40238 | AM87: =L87+W87+AH87 -> 0 | AN87: =((AM87/AM86)-1) -> #DIV/0! | AO87: =M87+X87+AI87 -> 0 | AP87: =((AO87/AO86)-1) -> #DIV/0! | AR87: 42.153669 | AV87: =((AU87/AU86)-1) -> #DIV/0!
B88: 40269 | E88: =((D88/D87)-1) -> #DIV/0! | F88: =IF(DAY(J$11)=0,"",IF(MONTH(J$11)<>MONTH($B88),"",YEAR($B88)-YEAR(J$11))) | H88: 0 | I88: =I87*(1+H88) -> 0 | L88: =D88+J88 -> 0 | M88: =I88+K88 -> 0 | P88: =((O88/O87)-1) -> #DIV/0! | Q88: =IF(DAY(U$11)=0,"",IF(MONTH(U$11)<>MONTH($B88),"",YEAR($B88)-YEAR(U$11))) | S88: 0 | T88: =T87*(1+S88) -> 0 | W88: =O88+U88 -> 0 | X88: =T88+V88 -> 0 | AA88: =((Z88/Z87)-1) -> #DIV/0! | AB88: =IF(DAY(AF$11)=0,"",IF(MONTH(AF$11)<>MONTH($B88),"",YEAR($B88)-YEAR(AF$11))) | AD88: 0 | AE88: =AE87*(1+AD88) -> 0 | AH88: =Z88+AF88 -> 0 | AI88: =AE88+AG88 -> 0 | AL88: 40269 | AM88: =L88+W88+AH88 -> 0 | AN88: =((AM88/AM87)-1) -> #DIV/0! | AO88: =M88+X88+AI88 -> 0 | AP88: =((AO88/AO87)-1) -> #DIV/0! | AR88: 42.45296 | AV88: =((AU88/AU87)-1) -> #DIV/0!
B89: 40299 | E89: =((D89/D88)-1) -> #DIV/0! | F89: =IF(DAY(J$11)=0,"",IF(MONTH(J$11)<>MONTH($B89),"",YEAR($B89)-YEAR(J$11))) | H89: 0 | I89: =I88*(1+H89) -> 0 | L89: =D89+J89 -> 0 | M89: =I89+K89 -> 0 | P89: =((O89/O88)-1) -> #DIV/0! | Q89: =IF(DAY(U$11)=0,"",IF(MONTH(U$11)<>MONTH($B89),"",YEAR($B89)-YEAR(U$11))) | S89: 0 | T89: =T88*(1+S89) -> 0 | W89: =O89+U89 -> 0 | X89: =T89+V89 -> 0 | AA89: =((Z89/Z88)-1) -> #DIV/0! | AB89: =IF(DAY(AF$11)=0,"",IF(MONTH(AF$11)<>MONTH($B89),"",YEAR($B89)-YEAR(AF$11))) | AD89: 0 | AE89: =AE88*(1+AD89) -> 0 | AH89: =Z89+AF89 -> 0 | AI89: =AE89+AG89 -> 0 | AL89: 40299 | AM89: =L89+W89+AH89 -> 0 | AN89: =((AM89/AM88)-1) -> #DIV/0! | AO89: =M89+X89+AI89 -> 0 | AP89: =((AO89/AO88)-1) -> #DIV/0! | AR89: 42.762866 | AV89: =((AU89/AU88)-1) -> #DIV/0!
B90: 40330 | E90: =((D90/D89)-1) -> #DIV/0! | F90: =IF(DAY(J$11)=0,"",IF(MONTH(J$11)<>MONTH($B90),"",YEAR($B90)-YEAR(J$11))) | H90: 0 | I90: =I89*(1+H90) -> 0 | L90: =D90+J90 -> 0 | M90: =I90+K90 -> 0 | P90: =((O90/O89)-1) -> #DIV/0! | Q90: =IF(DAY(U$11)=0,"",IF(MONTH(U$11)<>MONTH($B90),"",YEAR($B90)-YEAR(U$11))) | S90: 0 | T90: =T89*(1+S90) -> 0 | W90: =O90+U90 -> 0 | X90: =T90+V90 -> 0 | AA90: =((Z90/Z89)-1) -> #DIV/0! | AB90: =IF(DAY(AF$11)=0,"",IF(MONTH(AF$11)<>MONTH($B90),"",YEAR($B90)-YEAR(AF$11))) | AD90: 0 | AE90: =AE89*(1+AD90) -> 0 | AH90: =Z90+AF90 -> 0 | AI90: =AE90+AG90 -> 0 | AL90: 40330 | AM90: =L90+W90+AH90 -> 0 | AN90: =((AM90/AM89)-1) -> #DIV/0! | AO90: =M90+X90+AI90 -> 0 | AP90: =((AO90/AO89)-1) -> #DIV/0! | AR90: 42.946746 | AV90: =((AU90/AU89)-1) -> #DIV/0!
B91: 40360 | E91: =((D91/D90)-1) -> #DIV/0! | F91: =IF(DAY(J$11)=0,"",IF(MONTH(J$11)<>MONTH($B91),"",YEAR($B91)-YEAR(J$11))) | G91: Anual | H91: 0.0673 | I91: =I90*(1+H91) -> 0 | L91: =D91+J91 -> 0 | M91: =I91+K91 -> 0 | P91: =((O91/O90)-1) -> #DIV/0! | Q91: =IF(DAY(U$11)=0,"",IF(MONTH(U$11)<>MONTH($B91),"",YEAR($B91)-YEAR(U$11))) | R91: Anual | S91: 0.0673 | T91: =T90*(1+S91) -> 0 | W91: =O91+U91 -> 0 | X91: =T91+V91 -> 0 | AA91: =((Z91/Z90)-1) -> #DIV/0! | AB91: =IF(DAY(AF$11)=0,"",IF(MONTH(AF$11)<>MONTH($B91),"",YEAR($B91)-YEAR(AF$11))) | AC91: Anual | AD91: 0.0673 | AE91: =AE90*(1+AD91) -> 0 | AH91: =Z91+AF91 -> 0 | AI91: =AE91+AG91 -> 0 | AL91: 40360 | AM91: =L91+W91+AH91 -> 0 | AN91: =((AM91/AM90)-1) -> #DIV/0! | AO91: =M91+X91+AI91 -> 0 | AP91: =((AO91/AO90)-1) -> #DIV/0! | AR91: 42.899504 | AV91: =((AU91/AU90)-1) -> #DIV/0!
B92: 40391 | E92: =((D92/D91)-1) -> #DIV/0! | F92: =IF(DAY(J$11)=0,"",IF(MONTH(J$11)<>MONTH($B92),"",YEAR($B92)-YEAR(J$11))) | H92: 0 | I92: =I91*(1+H92) -> 0 | L92: =D92+J92 -> 0 | M92: =I92+K92 -> 0 | P92: =((O92/O91)-1) -> #DIV/0! | Q92: =IF(DAY(U$11)=0,"",IF(MONTH(U$11)<>MONTH($B92),"",YEAR($B92)-YEAR(U$11))) | S92: 0 | T92: =T91*(1+S92) -> 0 | W92: =O92+U92 -> 0 | X92: =T92+V92 -> 0 | AA92: =((Z92/Z91)-1) -> #DIV/0! | AB92: =IF(DAY(AF$11)=0,"",IF(MONTH(AF$11)<>MONTH($B92),"",YEAR($B92)-YEAR(AF$11))) | AD92: 0 | AE92: =AE91*(1+AD92) -> 0 | AH92: =Z92+AF92 -> 0 | AI92: =AE92+AG92 -> 0 | AL92: 40391 | AM92: =L92+W92+AH92 -> 0 | AN92: =((AM92/AM91)-1) -> #DIV/0! | AO92: =M92+X92+AI92 -> 0 | AP92: =((AO92/AO91)-1) -> #DIV/0! | AR92: 42.869474 | AV92: =((AU92/AU91)-1) -> #DIV/0!
B93: 40422 | E93: =((D93/D92)-1) -> #DIV/0! | F93: =IF(DAY(J$11)=0,"",IF(MONTH(J$11)<>MONTH($B93),"",YEAR($B93)-YEAR(J$11))) | H93: 0 | I93: =I92*(1+H93) -> 0 | L93: =D93+J93 -> 0 | M93: =I93+K93 -> 0 | P93: =((O93/O92)-1) -> #DIV/0! | Q93: =IF(DAY(U$11)=0,"",IF(MONTH(U$11)<>MONTH($B93),"",YEAR($B93)-YEAR(U$11))) | S93: 0 | T93: =T92*(1+S93) -> 0 | W93: =O93+U93 -> 0 | X93: =T93+V93 -> 0 | AA93: =((Z93/Z92)-1) -> #DIV/0! | AB93: =IF(DAY(AF$11)=0,"",IF(MONTH(AF$11)<>MONTH($B93),"",YEAR($B93)-YEAR(AF$11))) | AD93: 0 | AE93: =AE92*(1+AD93) -> 0 | AH93: =Z93+AF93 -> 0 | AI93: =AE93+AG93 -> 0 | AL93: 40422 | AM93: =L93+W93+AH93 -> 0 | AN93: =((AM93/AM92)-1) -> #DIV/0! | AO93: =M93+X93+AI93 -> 0 | AP93: =((AO93/AO92)-1) -> #DIV/0! | AR93: 42.839465 | AV93: =((AU93/AU92)-1) -> #DIV/0!
B94: 40452 | E94: =((D94/D93)-1) -> #DIV/0! | F94: =IF(DAY(J$11)=0,"",IF(MONTH(J$11)<>MONTH($B94),"",YEAR($B94)-YEAR(J$11))) | H94: 0 | I94: =I93*(1+H94) -> 0 | L94: =D94+J94 -> 0 | M94: =I94+K94 -> 0 | P94: =((O94/O93)-1) -> #DIV/0! | Q94: =IF(DAY(U$11)=0,"",IF(MONTH(U$11)<>MONTH($B94),"",YEAR($B94)-YEAR(U$11))) | S94: 0 | T94: =T93*(1+S94) -> 0 | W94: =O94+U94 -> 0 | X94: =T94+V94 -> 0 | AA94: =((Z94/Z93)-1) -> #DIV/0! | AB94: =IF(DAY(AF$11)=0,"",IF(MONTH(AF$11)<>MONTH($B94),"",YEAR($B94)-YEAR(AF$11))) | AD94: 0 | AE94: =AE93*(1+AD94) -> 0 | AH94: =Z94+AF94 -> 0 | AI94: =AE94+AG94 -> 0 | AL94: 40452 | AM94: =L94+W94+AH94 -> 0 | AN94: =((AM94/AM93)-1) -> #DIV/0! | AO94: =M94+X94+AI94 -> 0 | AP94: =((AO94/AO93)-1) -> #DIV/0! | AR94: 43.070798 | AV94: =((AU94/AU93)-1) -> #DIV/0!
B95: 40483 | E95: =((D95/D94)-1) -> #DIV/0! | F95: =IF(DAY(J$11)=0,"",IF(MONTH(J$11)<>MONTH($B95),"",YEAR($B95)-YEAR(J$11))) | H95: 0 | I95: =I94*(1+H95) -> 0 | L95: =D95+J95 -> 0 | M95: =I95+K95 -> 0 | P95: =((O95/O94)-1) -> #DIV/0! | Q95: =IF(DAY(U$11)=0,"",IF(MONTH(U$11)<>MONTH($B95),"",YEAR($B95)-YEAR(U$11))) | S95: 0 | T95: =T94*(1+S95) -> 0 | W95: =O95+U95 -> 0 | X95: =T95+V95 -> 0 | AA95: =((Z95/Z94)-1) -> #DIV/0! | AB95: =IF(DAY(AF$11)=0,"",IF(MONTH(AF$11)<>MONTH($B95),"",YEAR($B95)-YEAR(AF$11))) | AD95: 0 | AE95: =AE94*(1+AD95) -> 0 | AH95: =Z95+AF95 -> 0 | AI95: =AE95+AG95 -> 0 | AL95: 40483 | AM95: =L95+W95+AH95 -> 0 | AN95: =((AM95/AM94)-1) -> #DIV/0! | AO95: =M95+X95+AI95 -> 0 | AP95: =((AO95/AO94)-1) -> #DIV/0! | AR95: 43.467049 | AV95: =((AU95/AU94)-1) -> #DIV/0!
B96: 40513 | E96: =((D96/D95)-1) -> #DIV/0! | F96: =IF(DAY(J$11)=0,"",IF(MONTH(J$11)<>MONTH($B96),"",YEAR($B96)-YEAR(J$11))) | H96: 0 | I96: =I95*(1+H96) -> 0 | L96: =D96+J96 -> 0 | M96: =I96+K96 -> 0 | P96: =((O96/O95)-1) -> #DIV/0! | Q96: =IF(DAY(U$11)=0,"",IF(MONTH(U$11)<>MONTH($B96),"",YEAR($B96)-YEAR(U$11))) | S96: 0 | T96: =T95*(1+S96) -> 0 | W96: =O96+U96 -> 0 | X96: =T96+V96 -> 0 | AA96: =((Z96/Z95)-1) -> #DIV/0! | AB96: =IF(DAY(AF$11)=0,"",IF(MONTH(AF$11)<>MONTH($B96),"",YEAR($B96)-YEAR(AF$11))) | AD96: 0 | AE96: =AE95*(1+AD96) -> 0 | AH96: =Z96+AF96 -> 0 | AI96: =AE96+AG96 -> 0 | AL96: 40513 | AM96: =L96+W96+AH96 -> 0 | AN96: =((AM96/AM95)-1) -> #DIV/0! | AO96: =M96+X96+AI96 -> 0 | AP96: =((AO96/AO95)-1) -> #DIV/0! | AR96: 43.914759 | AV96: =((AU96/AU95)-1) -> #DIV/0!
A97: 2011 | B97: 40544 | E97: =((D97/D96)-1) -> #DIV/0! | F97: =IF(DAY(J$11)=0,"",IF(MONTH(J$11)<>MONTH($B97),"",YEAR($B97)-YEAR(J$11))) | H97: 0 | I97: =I96*(1+H97) -> 0 | L97: =D97+J97 -> 0 | M97: =I97+K97 -> 0 | P97: =((O97/O96)-1) -> #DIV/0! | Q97: =IF(DAY(U$11)=0,"",IF(MONTH(U$11)<>MONTH($B97),"",YEAR($B97)-YEAR(U$11))) | S97: 0 | T97: =T96*(1+S97) -> 0 | W97: =O97+U97 -> 0 | X97: =T97+V97 -> 0 | AA97: =((Z97/Z96)-1) -> #DIV/0! | AB97: =IF(DAY(AF$11)=0,"",IF(MONTH(AF$11)<>MONTH($B97),"",YEAR($B97)-YEAR(AF$11))) | AD97: 0 | AE97: =AE96*(1+AD97) -> 0 | AH97: =Z97+AF97 -> 0 | AI97: =AE97+AG97 -> 0 | AK97: 2011 | AL97: 40544 | AM97: =L97+W97+AH97 -> 0 | AN97: =((AM97/AM96)-1) -> #DIV/0! | AO97: =M97+X97+AI97 -> 0 | AP97: =((AO97/AO96)-1) -> #DIV/0! | AR97: 44.178247 | AV97: =((AU97/AU96)-1) -> #DIV/0!
B98: 40575 | E98: =((D98/D97)-1) -> #DIV/0! | F98: =IF(DAY(J$11)=0,"",IF(MONTH(J$11)<>MONTH($B98),"",YEAR($B98)-YEAR(J$11))) | H98: 0 | I98: =I97*(1+H98) -> 0 | L98: =D98+J98 -> 0 | M98: =I98+K98 -> 0 | P98: =((O98/O97)-1) -> #DIV/0! | Q98: =IF(DAY(U$11)=0,"",IF(MONTH(U$11)<>MONTH($B98),"",YEAR($B98)-YEAR(U$11))) | S98: 0 | T98: =T97*(1+S98) -> 0 | W98: =O98+U98 -> 0 | X98: =T98+V98 -> 0 | AA98: =((Z98/Z97)-1) -> #DIV/0! | AB98: =IF(DAY(AF$11)=0,"",IF(MONTH(AF$11)<>MONTH($B98),"",YEAR($B98)-YEAR(AF$11))) | AD98: 0 | AE98: =AE97*(1+AD98) -> 0 | AH98: =Z98+AF98 -> 0 | AI98: =AE98+AG98 -> 0 | AL98: 40575 | AM98: =L98+W98+AH98 -> 0 | AN98: =((AM98/AM97)-1) -> #DIV/0! | AO98: =M98+X98+AI98 -> 0 | AP98: =((AO98/AO97)-1) -> #DIV/0! | AR98: 44.593522 | AV98: =((AU98/AU97)-1) -> #DIV/0!
B99: 40603 | E99: =((D99/D98)-1) -> #DIV/0! | F99: =IF(DAY(J$11)=0,"",IF(MONTH(J$11)<>MONTH($B99),"",YEAR($B99)-YEAR(J$11))) | H99: 0 | I99: =I98*(1+H99) -> 0 | L99: =D99+J99 -> 0 | M99: =I99+K99 -> 0 | P99: =((O99/O98)-1) -> #DIV/0! | Q99: =IF(DAY(U$11)=0,"",IF(MONTH(U$11)<>MONTH($B99),"",YEAR($B99)-YEAR(U$11))) | S99: 0 | T99: =T98*(1+S99) -> 0 | W99: =O99+U99 -> 0 | X99: =T99+V99 -> 0 | AA99: =((Z99/Z98)-1) -> #DIV/0! | AB99: =IF(DAY(AF$11)=0,"",IF(MONTH(AF$11)<>MONTH($B99),"",YEAR($B99)-YEAR(AF$11))) | AD99: 0 | AE99: =AE98*(1+AD99) -> 0 | AH99: =Z99+AF99 -> 0 | AI99: =AE99+AG99 -> 0 | AL99: 40603 | AM99: =L99+W99+AH99 -> 0 | AN99: =((AM99/AM98)-1) -> #DIV/0! | AO99: =M99+X99+AI99 -> 0 | AP99: =((AO99/AO98)-1) -> #DIV/0! | AR99: 44.834327 | AV99: =((AU99/AU98)-1) -> #DIV/0!
B100: 40634 | E100: =((D100/D99)-1) -> #DIV/0! | F100: =IF(DAY(J$11)=0,"",IF(MONTH(J$11)<>MONTH($B100),"",YEAR($B100)-YEAR(J$11))) | H100: 0 | I100: =I99*(1+H100) -> 0 | L100: =D100+J100 -> 0 | M100: =I100+K100 -> 0 | P100: =((O100/O99)-1) -> #DIV/0! | Q100: =IF(DAY(U$11)=0,"",IF(MONTH(U$11)<>MONTH($B100),"",YEAR($B100)-YEAR(U$11))) | S100: 0 | T100: =T99*(1+S100) -> 0 | W100: =O100+U100 -> 0 | X100: =T100+V100 -> 0 | AA100: =((Z100/Z99)-1) -> #DIV/0! | AB100: =IF(DAY(AF$11)=0,"",IF(MONTH(AF$11)<>MONTH($B100),"",YEAR($B100)-YEAR(AF$11))) | AD100: 0 | AE100: =AE99*(1+AD100) -> 0 | AH100: =Z100+AF100 -> 0 | AI100: =AE100+AG100 -> 0 | AL100: 40634 | AM100: =L100+W100+AH100 -> 0 | AN100: =((AM100/AM99)-1) -> #DIV/0! | AO100: =M100+X100+AI100 -> 0 | AP100: =((AO100/AO99)-1) -> #DIV/0! | AR100: 45.130233 | AV100: =((AU100/AU99)-1) -> #DIV/0!
B101: 40664 | E101: =((D101/D100)-1) -> #DIV/0! | F101: =IF(DAY(J$11)=0,"",IF(MONTH(J$11)<>MONTH($B101),"",YEAR($B101)-YEAR(J$11))) | H101: 0 | I101: =I100*(1+H101) -> 0 | L101: =D101+J101 -> 0 | M101: =I101+K101 -> 0 | P101: =((O101/O100)-1) -> #DIV/0! | Q101: =IF(DAY(U$11)=0,"",IF(MONTH(U$11)<>MONTH($B101),"",YEAR($B101)-YEAR(U$11))) | S101: 0 | T101: =T100*(1+S101) -> 0 | W101: =O101+U101 -> 0 | X101: =T101+V101 -> 0 | AA101: =((Z101/Z100)-1) -> #DIV/0! | AB101: =IF(DAY(AF$11)=0,"",IF(MONTH(AF$11)<>MONTH($B101),"",YEAR($B101)-YEAR(AF$11))) | AD101: 0 | AE101: =AE100*(1+AD101) -> 0 | AH101: =Z101+AF101 -> 0 | AI101: =AE101+AG101 -> 0 | AL101: 40664 | AM101: =L101+W101+AH101 -> 0 | AN101: =((AM101/AM100)-1) -> #DIV/0! | AO101: =M101+X101+AI101 -> 0 | AP101: =((AO101/AO100)-1) -> #DIV/0! | AR101: 45.45517 | AV101: =((AU101/AU100)-1) -> #DIV/0!
B102: 40695 | E102: =((D102/D101)-1) -> #DIV/0! | F102: =IF(DAY(J$11)=0,"",IF(MONTH(J$11)<>MONTH($B102),"",YEAR($B102)-YEAR(J$11))) | H102: 0 | I102: =I101*(1+H102) -> 0 | L102: =D102+J102 -> 0 | M102: =I102+K102 -> 0 | P102: =((O102/O101)-1) -> #DIV/0! | Q102: =IF(DAY(U$11)=0,"",IF(MONTH(U$11)<>MONTH($B102),"",YEAR($B102)-YEAR(U$11))) | S102: 0 | T102: =T101*(1+S102) -> 0 | W102: =O102+U102 -> 0 | X102: =T102+V102 -> 0 | AA102: =((Z102/Z101)-1) -> #DIV/0! | AB102: =IF(DAY(AF$11)=0,"",IF(MONTH(AF$11)<>MONTH($B102),"",YEAR($B102)-YEAR(AF$11))) | AD102: 0 | AE102: =AE101*(1+AD102) -> 0 | AH102: =Z102+AF102 -> 0 | AI102: =AE102+AG102 -> 0 | AL102: 40695 | AM102: =L102+W102+AH102 -> 0 | AN102: =((AM102/AM101)-1) -> #DIV/0! | AO102: =M102+X102+AI102 -> 0 | AP102: =((AO102/AO101)-1) -> #DIV/0! | AR102: 45.714264 | AV102: =((AU102/AU101)-1) -> #DIV/0!
B103: 40725 | E103: =((D103/D102)-1) -> #DIV/0! | F103: =IF(DAY(J$11)=0,"",IF(MONTH(J$11)<>MONTH($B103),"",YEAR($B103)-YEAR(J$11))) | G103: Anual | H103: 0.0769 | I103: =I102*(1+H103) -> 0 | L103: =D103+J103 -> 0 | M103: =I103+K103 -> 0 | P103: =((O103/O102)-1) -> #DIV/0! | Q103: =IF(DAY(U$11)=0,"",IF(MONTH(U$11)<>MONTH($B103),"",YEAR($B103)-YEAR(U$11))) | R103: Anual | S103: 0.0769 | T103: =T102*(1+S103) -> 0 | W103: =O103+U103 -> 0 | X103: =T103+V103 -> 0 | AA103: =((Z103/Z102)-1) -> #DIV/0! | AB103: =IF(DAY(AF$11)=0,"",IF(MONTH(AF$11)<>MONTH($B103),"",YEAR($B103)-YEAR(AF$11))) | AC103: Anual | AD103: 0.0769 | AE103: =AE102*(1+AD103) -> 0 | AH103: =Z103+AF103 -> 0 | AI103: =AE103+AG103 -> 0 | AL103: 40725 | AM103: =L103+W103+AH103 -> 0 | AN103: =((AM103/AM102)-1) -> #DIV/0! | AO103: =M103+X103+AI103 -> 0 | AP103: =((AO103/AO102)-1) -> #DIV/0! | AR103: 45.814835 | AV103: =((AU103/AU102)-1) -> #DIV/0!
B104: 40756 | E104: =((D104/D103)-1) -> #DIV/0! | F104: =IF(DAY(J$11)=0,"",IF(MONTH(J$11)<>MONTH($B104),"",YEAR($B104)-YEAR(J$11))) | H104: 0 | I104: =I103*(1+H104) -> 0 | L104: =D104+J104 -> 0 | M104: =I104+K104 -> 0 | P104: =((O104/O103)-1) -> #DIV/0! | Q104: =IF(DAY(U$11)=0,"",IF(MONTH(U$11)<>MONTH($B104),"",YEAR($B104)-YEAR(U$11))) | S104: 0 | T104: =T103*(1+S104) -> 0 | W104: =O104+U104 -> 0 | X104: =T104+V104 -> 0 | AA104: =((Z104/Z103)-1) -> #DIV/0! | AB104: =IF(DAY(AF$11)=0,"",IF(MONTH(AF$11)<>MONTH($B104),"",YEAR($B104)-YEAR(AF$11))) | AD104: 0 | AE104: =AE103*(1+AD104) -> 0 | AH104: =Z104+AF104 -> 0 | AI104: =AE104+AG104 -> 0 | AL104: 40756 | AM104: =L104+W104+AH104 -> 0 | AN104: =((AM104/AM103)-1) -> #DIV/0! | AO104: =M104+X104+AI104 -> 0 | AP104: =((AO104/AO103)-1) -> #DIV/0! | AR104: 45.814835 | AV104: =((AU104/AU103)-1) -> #DIV/0!
...

Sheet Calculo4Vidas
A1: DEMONSTRATIVO DE CÁLCULO
M3: Corr. monet. | N3: 45454
M4: Índice TJSP | N4: 100.83083
D6: Plano de saúde | I6: Categoria | M6: Tipo
D7: Mês aniv. cont. | I7: Vigência
D9: OBJETO | E9: Reajuste por Sinistralidade
D11: Nome | I11: Data Nasc. | O11: Nome | T11: Data Nasc. | Z11: Nome | AE11: Data Nasc. | AK11: Nome | AP11: Data Nasc. | AX11: TOTAL | BF11: TOTAL
A12: Ano | B12: Mês | D12: Valor pago | E12: Reaj. aplic. | F12: Idade | G12: Tipo reaj. | H12: Reaj. devido | I12: Vl. devido | J12: Extra Pago | K12: Extra devido | L12: TOTAL PAGO | M12: TOTAL DEVIDO | N12: Diferença | O12: Valor pago | P12: Reaj. aplic. | Q12: Idade | R12: Tipo reaj. | S12: Reaj. devido | T12: Vl. devido | U12: Extra Pago | V12: Extra devido | W12: TOTAL PAGO | X12: TOTAL DEVIDO | Y12: Diferença | Z12: Valor pago | AA12: Reaj. aplic. | AB12: Idade | AC12: Tipo reaj. | AD12: Reaj. devido | AE12: Vl. devido | AF12: Extra Pago | AG12: Extra devido | AH12: TOTAL PAGO | AI12: TOTAL DEVIDO | AJ12: Diferença | AK12: Valor pago | AL12: Reaj. aplic. | AM12: Idade | AN12: Tipo reaj. | AO12: Reaj. devido | AP12: Vl. devido | AQ12: Extra Pago | AR12: Extra devido | AS12: TOTAL PAGO | AT12: TOTAL DEVIDO | AU12: Diferença | AV12: Ano | AW12: Mês | AX12: Vl. tot. pago | AY12: Reaj. aplic. | AZ12: Vl. tot. devido | BA12: Reaj. aplic. | BB12: Diferença | BC12: Índ corr monet | BD12: Diferença corrigida | BF12: Vl. tot. pago | BG12: Reaj. aplic.
A13: 2004 | B13: 37987 | E13: 0 | F13: =IF(DAY(J$11)=0,"",IF(MONTH(J$11)<>MONTH($B13),"",YEAR($B13)-YEAR(J$11))) | H13: 0 | I13: =D13 -> 0 | L13: =D13+J13 -> 0 | M13: =I13+K13 -> 0 | P13: 0 | Q13: =IF(DAY(U$11)=0,"",IF(MONTH(U$11)<>MONTH($B13),"",YEAR($B13)-YEAR(U$11))) | S13: 0 | T13: =O13 -> 0 | W13: =O13+U13 -> 0 | X13: =T13+V13 -> 0 | AA13: 0 | AB13: =IF(DAY(AF$11)=0,"",IF(MONTH(AF$11)<>MONTH($B13),"",YEAR($B13)-YEAR(AF$11))) | AD13: 0 | AE13: =Z13 -> 0 | AH13: =Z13+AF13 -> 0 | AI13: =AE13+AG13 -> 0 | AL13: 0 | AM13: =IF(DAY(AQ$11)=0,"",IF(MONTH(AQ$11)<>MONTH($B13),"",YEAR($B13)-YEAR(AQ$11))) | AO13: 0 | AP13: =AK13 -> 0 | AS13: =AK13+AQ13 -> 0 | AT13: =AP13+AR13 -> 0 | AV13: 2004 | AW13: 37987 | AX13: =L13+W13+AH13+AS13 -> 0 | AY13: 0 | AZ13: =M13+X13+AI13+AT13 -> 0 | BA13: 0 | BC13: 31.052744 | BG13: 0
B14: 38018 | E14: =((D14/D13)-1) -> #DIV/0! | F14: =IF(DAY(J$11)=0,"",IF(MONTH(J$11)<>MONTH($B14),"",YEAR($B14)-YEAR(J$11))) | H14: 0 | I14: =I13*(1+H14) -> 0 | L14: =D14+J14 -> 0 | M14: =I14+K14 -> 0 | P14: =((O14/O13)-1) -> #DIV/0! | Q14: =IF(DAY(U$11)=0,"",IF(MONTH(U$11)<>MONTH($B14),"",YEAR($B14)-YEAR(U$11))) | S14: 0 | T14: =T13*(1+S14) -> 0 | W14: =O14+U14 -> 0 | X14: =T14+V14 -> 0 | AA14: =((Z14/Z13)-1) -> #DIV/0! | AB14: =IF(DAY(AF$11)=0,"",IF(MONTH(AF$11)<>MONTH($B14),"",YEAR($B14)-YEAR(AF$11))) | AD14: 0 | AE14: =AE13*(1+AD14) -> 0 | AH14: =Z14+AF14 -> 0 | AI14: =AE14+AG14 -> 0 | AL14: =((AK14/AK13)-1) -> #DIV/0! | AM14: =IF(DAY(AQ$11)=0,"",IF(MONTH(AQ$11)<>MONTH($B14),"",YEAR($B14)-YEAR(AQ$11))) | AO14: 0 | AP14: =AP13*(1+AO14) -> 0 | AS14: =AK14+AQ14 -> 0 | AT14: =AP14+AR14 -> 0 | AW14: 38018 | AX14: =L14+W14+AH14+AS14 -> 0 | AY14: =((AX14/AX13)-1) -> #DIV/0! | AZ14: =M14+X14+AI14+AT14 -> 0 | BA14: =((AZ14/AZ13)-1) -> #DIV/0! | BC14: 31.310481 | BG14: =((BF14/BF13)-1) -> #DIV/0!
B15: 38047 | E15: =((D15/D14)-1) -> #DIV/0! | F15: =IF(DAY(J$11)=0,"",IF(MONTH(J$11)<>MONTH($B15),"",YEAR($B15)-YEAR(J$11))) | H15: 0 | I15: =I14*(1+H15) -> 0 | L15: =D15+J15 -> 0 | M15: =I15+K15 -> 0 | P15: =((O15/O14)-1) -> #DIV/0! | Q15: =IF(DAY(U$11)=0,"",IF(MONTH(U$11)<>MONTH($B15),"",YEAR($B15)-YEAR(U$11))) | S15: 0 | T15: =T14*(1+S15) -> 0 | W15: =O15+U15 -> 0 | X15: =T15+V15 -> 0 | AA15: =((Z15/Z14)-1) -> #DIV/0! | AB15: =IF(DAY(AF$11)=0,"",IF(MONTH(AF$11)<>MONTH($B15),"",YEAR($B15)-YEAR(AF$11))) | AD15: 0 | AE15: =AE14*(1+AD15) -> 0 | AH15: =Z15+AF15 -> 0 | AI15: =AE15+AG15 -> 0 | AL15: =((AK15/AK14)-1) -> #DIV/0! | AM15: =IF(DAY(AQ$11)=0,"",IF(MONTH(AQ$11)<>MONTH($B15),"",YEAR($B15)-YEAR(AQ$11))) | AO15: 0 | AP15: =AP14*(1+AO15) -> 0 | AS15: =AK15+AQ15 -> 0 | AT15: =AP15+AR15 -> 0 | AW15: 38047 | AX15: =L15+W15+AH15+AS15 -> 0 | AY15: =((AX15/AX14)-1) -> #DIV/0! | AZ15: =M15+X15+AI15+AT15 -> 0 | BA15: =((AZ15/AZ14)-1) -> #DIV/0! | BC15: 31.432591 | BG15: =((BF15/BF14)-1) -> #DIV/0!
B16: 38078 | E16: =((D16/D15)-1) -> #DIV/0! | F16: =IF(DAY(J$11)=0,"",IF(MONTH(J$11)<>MONTH($B16),"",YEAR($B16)-YEAR(J$11))) | H16: 0 | I16: =I15*(1+H16) -> 0 | L16: =D16+J16 -> 0 | M16: =I16+K16 -> 0 | P16: =((O16/O15)-1) -> #DIV/0! | Q16: =IF(DAY(U$11)=0,"",IF(MONTH(U$11)<>MONTH($B16),"",YEAR($B16)-YEAR(U$11))) | S16: 0 | T16: =T15*(1+S16) -> 0 | W16: =O16+U16 -> 0 | X16: =T16+V16 -> 0 | AA16: =((Z16/Z15)-1) -> #DIV/0! | AB16: =IF(DAY(AF$11)=0,"",IF(MONTH(AF$11)<>MONTH($B16),"",YEAR($B16)-YEAR(AF$11))) | AD16: 0 | AE16: =AE15*(1+AD16) -> 0 | AH16: =Z16+AF16 -> 0 | AI16: =AE16+AG16 -> 0 | AL16: =((AK16/AK15)-1) -> #DIV/0! | AM16: =IF(DAY(AQ$11)=0,"",IF(MONTH(AQ$11)<>MONTH($B16),"",YEAR($B16)-YEAR(AQ$11))) | AO16: 0 | AP16: =AP15*(1+AO16) -> 0 | AS16: =AK16+AQ16 -> 0 | AT16: =AP16+AR16 -> 0 | AW16: 38078 | AX16: =L16+W16+AH16+AS16 -> 0 | AY16: =((AX16/AX15)-1) -> #DIV/0! | AZ16: =M16+X16+AI16+AT16 -> 0 | BA16: =((AZ16/AZ15)-1) -> #DIV/0! | BC16: 31.611756 | BG16: =((BF16/BF15)-1) -> #DIV/0!
B17: 38108 | E17: =((D17/D16)-1) -> #DIV/0! | F17: =IF(DAY(J$11)=0,"",IF(MONTH(J$11)<>MONTH($B17),"",YEAR($B17)-YEAR(J$11))) | H17: 0 | I17: =I16*(1+H17) -> 0 | L17: =D17+J17 -> 0 | M17: =I17+K17 -> 0 | P17: =((O17/O16)-1) -> #DIV/0! | Q17: =IF(DAY(U$11)=0,"",IF(MONTH(U$11)<>MONTH($B17),"",YEAR($B17)-YEAR(U$11))) | S17: 0 | T17: =T16*(1+S17) -> 0 | W17: =O17+U17 -> 0 | X17: =T17+V17 -> 0 | AA17: =((Z17/Z16)-1) -> #DIV/0! | AB17: =IF(DAY(AF$11)=0,"",IF(MONTH(AF$11)<>MONTH($B17),"",YEAR($B17)-YEAR(AF$11))) | AD17: 0 | AE17: =AE16*(1+AD17) -> 0 | AH17: =Z17+AF17 -> 0 | AI17: =AE17+AG17 -> 0 | AL17: =((AK17/AK16)-1) -> #DIV/0! | AM17: =IF(DAY(AQ$11)=0,"",IF(MONTH(AQ$11)<>MONTH($B17),"",YEAR($B17)-YEAR(AQ$11))) | AO17: 0 | AP17: =AP16*(1+AO17) -> 0 | AS17: =AK17+AQ17 -> 0 | AT17: =AP17+AR17 -> 0 | AW17: 38108 | AX17: =L17+W17+AH17+AS17 -> 0 | AY17: =((AX17/AX16)-1) -> #DIV/0! | AZ17: =M17+X17+AI17+AT17 -> 0 | BA17: =((AZ17/AZ16)-1) -> #DIV/0! | BC17: 31.741364 | BG17: =((BF17/BF16)-1) -> #DIV/0!
B18: 38139 | E18: =((D18/D17)-1) -> #DIV/0! | F18: =IF(DAY(J$11)=0,"",IF(MONTH(J$11)<>MONTH($B18),"",YEAR($B18)-YEAR(J$11))) | H18: 0 | I18: =I17*(1+H18) -> 0 | L18: =D18+J18 -> 0 | M18: =I18+K18 -> 0 | P18: =((O18/O17)-1) -> #DIV/0! | Q18: =IF(DAY(U$11)=0,"",IF(MONTH(U$11)<>MONTH($B18),"",YEAR($B18)-YEAR(U$11))) | S18: 0 | T18: =T17*(1+S18) -> 0 | W18: =O18+U18 -> 0 | X18: =T18+V18 -> 0 | AA18: =((Z18/Z17)-1) -> #DIV/0! | AB18: =IF(DAY(AF$11)=0,"",IF(MONTH(AF$11)<>MONTH($B18),"",YEAR($B18)-YEAR(AF$11))) | AD18: 0 | AE18: =AE17*(1+AD18) -> 0 | AH18: =Z18+AF18 -> 0 | AI18: =AE18+AG18 -> 0 | AL18: =((AK18/AK17)-1) -> #DIV/0! | AM18: =IF(DAY(AQ$11)=0,"",IF(MONTH(AQ$11)<>MONTH($B18),"",YEAR($B18)-YEAR(AQ$11))) | AO18: 0 | AP18: =AP17*(1+AO18) -> 0 | AS18: =AK18+AQ18 -> 0 | AT18: =AP18+AR18 -> 0 | AW18: 38139 | AX18: =L18+W18+AH18+AS18 -> 0 | AY18: =((AX18/AX17)-1) -> #DIV/0! | AZ18: =M18+X18+AI18+AT18 -> 0 | BA18: =((AZ18/AZ17)-1) -> #DIV/0! | BC18: 31.868329 | BG18: =((BF18/BF17)-1) -> #DIV/0!
B19: 38169 | E19: =((D19/D18)-1) -> #DIV/0! | F19: =IF(DAY(J$11)=0,"",IF(MONTH(J$11)<>MONTH($B19),"",YEAR($B19)-YEAR(J$11))) | G19: Anual | H19: 0.11749877 | I19: =I18*(1+H19) -> 0 | L19: =D19+J19 -> 0 | M19: =I19+K19 -> 0 | P19: =((O19/O18)-1) -> #DIV/0! | Q19: =IF(DAY(U$11)=0,"",IF(MONTH(U$11)<>MONTH($B19),"",YEAR($B19)-YEAR(U$11))) | R19: Anual | S19: 0.11749877 | T19: =T18*(1+S19) -> 0 | W19: =O19+U19 -> 0 | X19: =T19+V19 -> 0 | AA19: =((Z19/Z18)-1) -> #DIV/0! | AB19: =IF(DAY(AF$11)=0,"",IF(MONTH(AF$11)<>MONTH($B19),"",YEAR($B19)-YEAR(AF$11))) | AC19: Anual | AD19: 0.11749877 | AE19: =AE18*(1+AD19) -> 0 | AH19: =Z19+AF19 -> 0 | AI19: =AE19+AG19 -> 0 | AL19: =((AK19/AK18)-1) -> #DIV/0! | AM19: =IF(DAY(AQ$11)=0,"",IF(MONTH(AQ$11)<>MONTH($B19),"",YEAR($B19)-YEAR(AQ$11))) | AN19: Anual | AO19: 0.11749877 | AP19: =AP18*(1+AO19) -> 0 | AS19: =AK19+AQ19 -> 0 | AT19: =AP19+AR19 -> 0 | AW19: 38169 | AX19: =L19+W19+AH19+AS19 -> 0 | AY19: =((AX19/AX18)-1) -> #DIV/0! | AZ19: =M19+X19+AI19+AT19 -> 0 | BA19: =((AZ19/AZ18)-1) -> #DIV/0! | BC19: 32.02767 | BG19: =((BF19/BF18)-1) -> #DIV/0!
B20: 38200 | E20: =((D20/D19)-1) -> #DIV/0! | F20: =IF(DAY(J$11)=0,"",IF(MONTH(J$11)<>MONTH($B20),"",YEAR($B20)-YEAR(J$11))) | H20: 0 | I20: =I19*(1+H20) -> 0 | L20: =D20+J20 -> 0 | M20: =I20+K20 -> 0 | P20: =((O20/O19)-1) -> #DIV/0! | Q20: =IF(DAY(U$11)=0,"",IF(MONTH(U$11)<>MONTH($B20),"",YEAR($B20)-YEAR(U$11))) | S20: 0 | T20: =T19*(1+S20) -> 0 | W20: =O20+U20 -> 0 | X20: =T20+V20 -> 0 | AA20: =((Z20/Z19)-1) -> #DIV/0! | AB20: =IF(DAY(AF$11)=0,"",IF(MONTH(AF$11)<>MONTH($B20),"",YEAR($B20)-YEAR(AF$11))) | AD20: 0 | AE20: =AE19*(1+AD20) -> 0 | AH20: =Z20+AF20 -> 0 | AI20: =AE20+AG20 -> 0 | AL20: =((AK20/AK19)-1) -> #DIV/0! | AM20: =IF(DAY(AQ$11)=0,"",IF(MONTH(AQ$11)<>MONTH($B20),"",YEAR($B20)-YEAR(AQ$11))) | AO20: 0 | AP20: =AP19*(1+AO20) -> 0 | AS20: =AK20+AQ20 -> 0 | AT20: =AP20+AR20 -> 0 | AW20: 38200 | AX20: =L20+W20+AH20+AS20 -> 0 | AY20: =((AX20/AX19)-1) -> #DIV/0! | AZ20: =M20+X20+AI20+AT20 -> 0 | BA20: =((AZ20/AZ19)-1) -> #DIV/0! | BC20: 32.261471 | BG20: =((BF20/BF19)-1) -> #DIV/0!
B21: 38231 | E21: =((D21/D20)-1) -> #DIV/0! | F21: =IF(DAY(J$11)=0,"",IF(MONTH(J$11)<>MONTH($B21),"",YEAR($B21)-YEAR(J$11))) | H21: 0 | I21: =I20*(1+H21) -> 0 | L21: =D21+J21 -> 0 | M21: =I21+K21 -> 0 | P21: =((O21/O20)-1) -> #DIV/0! | Q21: =IF(DAY(U$11)=0,"",IF(MONTH(U$11)<>MONTH($B21),"",YEAR($B21)-YEAR(U$11))) | S21: 0 | T21: =T20*(1+S21) -> 0 | W21: =O21+U21 -> 0 | X21: =T21+V21 -> 0 | AA21: =((Z21/Z20)-1) -> #DIV/0! | AB21: =IF(DAY(AF$11)=0,"",IF(MONTH(AF$11)<>MONTH($B21),"",YEAR($B21)-YEAR(AF$11))) | AD21: 0 | AE21: =AE20*(1+AD21) -> 0 | AH21: =Z21+AF21 -> 0 | AI21: =AE21+AG21 -> 0 | AL21: =((AK21/AK20)-1) -> #DIV/0! | AM21: =IF(DAY(AQ$11)=0,"",IF(MONTH(AQ$11)<>MONTH($B21),"",YEAR($B21)-YEAR(AQ$11))) | AO21: 0 | AP21: =AP20*(1+AO21) -> 0 | AS21: =AK21+AQ21 -> 0 | AT21: =AP21+AR21 -> 0 | AW21: 38231 | AX21: =L21+W21+AH21+AS21 -> 0 | AY21: =((AX21/AX20)-1) -> #DIV/0! | AZ21: =M21+X21+AI21+AT21 -> 0 | BA21: =((AZ21/AZ20)-1) -> #DIV/0! | BC21: 32.422778 | BG21: =((BF21/BF20)-1) -> #DIV/0!
B22: 38261 | E22: =((D22/D21)-1) -> #DIV/0! | F22: =IF(DAY(J$11)=0,"",IF(MONTH(J$11)<>MONTH($B22),"",YEAR($B22)-YEAR(J$11))) | H22: 0 | I22: =I21*(1+H22) -> 0 | L22: =D22+J22 -> 0 | M22: =I22+K22 -> 0 | P22: =((O22/O21)-1) -> #DIV/0! | Q22: =IF(DAY(U$11)=0,"",IF(MONTH(U$11)<>MONTH($B22),"",YEAR($B22)-YEAR(U$11))) | S22: 0 | T22: =T21*(1+S22) -> 0 | W22: =O22+U22 -> 0 | X22: =T22+V22 -> 0 | AA22: =((Z22/Z21)-1) -> #DIV/0! | AB22: =IF(DAY(AF$11)=0,"",IF(MONTH(AF$11)<>MONTH($B22),"",YEAR($B22)-YEAR(AF$11))) | AD22: 0 | AE22: =AE21*(1+AD22) -> 0 | AH22: =Z22+AF22 -> 0 | AI22: =AE22+AG22 -> 0 | AL22: =((AK22/AK21)-1) -> #DIV/0! | AM22: =IF(DAY(AQ$11)=0,"",IF(MONTH(AQ$11)<>MONTH($B22),"",YEAR($B22)-YEAR(AQ$11))) | AO22: 0 | AP22: =AP21*(1+AO22) -> 0 | AS22: =AK22+AQ22 -> 0 | AT22: =AP22+AR22 -> 0 | AW22: 38261 | AX22: =L22+W22+AH22+AS22 -> 0 | AY22: =((AX22/AX21)-1) -> #DIV/0! | AZ22: =M22+X22+AI22+AT22 -> 0 | BA22: =((AZ22/AZ21)-1) -> #DIV/0! | BC22: 32.477896 | BG22: =((BF22/BF21)-1) -> #DIV/0!
B23: 38292 | E23: =((D23/D22)-1) -> #DIV/0! | F23: =IF(DAY(J$11)=0,"",IF(MONTH(J$11)<>MONTH($B23),"",YEAR($B23)-YEAR(J$11))) | H23: 0 | I23: =I22*(1+H23) -> 0 | L23: =D23+J23 -> 0 | M23: =I23+K23 -> 0 | P23: =((O23/O22)-1) -> #DIV/0! | Q23: =IF(DAY(U$11)=0,"",IF(MONTH(U$11)<>MONTH($B23),"",YEAR($B23)-YEAR(U$11))) | S23: 0 | T23: =T22*(1+S23) -> 0 | W23: =O23+U23 -> 0 | X23: =T23+V23 -> 0 | AA23: =((Z23/Z22)-1) -> #DIV/0! | AB23: =IF(DAY(AF$11)=0,"",IF(MONTH(AF$11)<>MONTH($B23),"",YEAR($B23)-YEAR(AF$11))) | AD23: 0 | AE23: =AE22*(1+AD23) -> 0 | AH23: =Z23+AF23 -> 0 | AI23: =AE23+AG23 -> 0 | AL23: =((AK23/AK22)-1) -> #DIV/0! | AM23: =IF(DAY(AQ$11)=0,"",IF(MONTH(AQ$11)<>MONTH($B23),"",YEAR($B23)-YEAR(AQ$11))) | AO23: 0 | AP23: =AP22*(1+AO23) -> 0 | AS23: =AK23+AQ23 -> 0 | AT23: =AP23+AR23 -> 0 | AW23: 38292 | AX23: =L23+W23+AH23+AS23 -> 0 | AY23: =((AX23/AX22)-1) -> #DIV/0! | AZ23: =M23+X23+AI23+AT23 -> 0 | BA23: =((AZ23/AZ22)-1) -> #DIV/0! | BC23: 32.533108 | BG23: =((BF23/BF22)-1) -> #DIV/0!
B24: 38322 | E24: =((D24/D23)-1) -> #DIV/0! | F24: =IF(DAY(J$11)=0,"",IF(MONTH(J$11)<>MONTH($B24),"",YEAR($B24)-YEAR(J$11))) | H24: 0 | I24: =I23*(1+H24) -> 0 | L24: =D24+J24 -> 0 | M24: =I24+K24 -> 0 | P24: =((O24/O23)-1) -> #DIV/0! | Q24: =IF(DAY(U$11)=0,"",IF(MONTH(U$11)<>MONTH($B24),"",YEAR($B24)-YEAR(U$11))) | S24: 0 | T24: =T23*(1+S24) -> 0 | W24: =O24+U24 -> 0 | X24: =T24+V24 -> 0 | AA24: =((Z24/Z23)-1) -> #DIV/0! | AB24: =IF(DAY(AF$11)=0,"",IF(MONTH(AF$11)<>MONTH($B24),"",YEAR($B24)-YEAR(AF$11))) | AD24: 0 | AE24: =AE23*(1+AD24) -> 0 | AH24: =Z24+AF24 -> 0 | AI24: =AE24+AG24 -> 0 | AL24: =((AK24/AK23)-1) -> #DIV/0! | AM24: =IF(DAY(AQ$11)=0,"",IF(MONTH(AQ$11)<>MONTH($B24),"",YEAR($B24)-YEAR(AQ$11))) | AO24: 0 | AP24: =AP23*(1+AO24) -> 0 | AS24: =AK24+AQ24 -> 0 | AT24: =AP24+AR24 -> 0 | AW24: 38322 | AX24: =L24+W24+AH24+AS24 -> 0 | AY24: =((AX24/AX23)-1) -> #DIV/0! | AZ24: =M24+X24+AI24+AT24 -> 0 | BA24: =((AZ24/AZ23)-1) -> #DIV/0! | BC24: 32.676253 | BG24: =((BF24/BF23)-1) -> #DIV/0!
A25: 2005 | B25: 38353 | E25: =((D25/D24)-1) -> #DIV/0! | F25: =IF(DAY(J$11)=0,"",IF(MONTH(J$11)<>MONTH($B25),"",YEAR($B25)-YEAR(J$11))) | H25: 0 | I25: =I24*(1+H25) -> 0 | L25: =D25+J25 -> 0 | M25: =I25+K25 -> 0 | P25: =((O25/O24)-1) -> #DIV/0! | Q25: =IF(DAY(U$11)=0,"",IF(MONTH(U$11)<>MONTH($B25),"",YEAR($B25)-YEAR(U$11))) | S25: 0 | T25: =T24*(1+S25) -> 0 | W25: =O25+U25 -> 0 | X25: =T25+V25 -> 0 | AA25: =((Z25/Z24)-1) -> #DIV/0! | AB25: =IF(DAY(AF$11)=0,"",IF(MONTH(AF$11)<>MONTH($B25),"",YEAR($B25)-YEAR(AF$11))) | AD25: 0 | AE25: =AE24*(1+AD25) -> 0 | AH25: =Z25+AF25 -> 0 | AI25: =AE25+AG25 -> 0 | AL25: =((AK25/AK24)-1) -> #DIV/0! | AM25: =IF(DAY(AQ$11)=0,"",IF(MONTH(AQ$11)<>MONTH($B25),"",YEAR($B25)-YEAR(AQ$11))) | AO25: 0 | AP25: =AP24*(1+AO25) -> 0 | AS25: =AK25+AQ25 -> 0 | AT25: =AP25+AR25 -> 0 | AV25: 2005 | AW25: 38353 | AX25: =L25+W25+AH25+AS25 -> 0 | AY25: =((AX25/AX24)-1) -> #DIV/0! | AZ25: =M25+X25+AI25+AT25 -> 0 | BA25: =((AZ25/AZ24)-1) -> #DIV/0! | BC25: 32.957268 | BG25: =((BF25/BF24)-1) -> #DIV/0!
B26: 38384 | E26: =((D26/D25)-1) -> #DIV/0! | F26: =IF(DAY(J$11)=0,"",IF(MONTH(J$11)<>MONTH($B26),"",YEAR($B26)-YEAR(J$11))) | H26: 0 | I26: =I25*(1+H26) -> 0 | L26: =D26+J26 -> 0 | M26: =I26+K26 -> 0 | P26: =((O26/O25)-1) -> #DIV/0! | Q26: =IF(DAY(U$11)=0,"",IF(MONTH(U$11)<>MONTH($B26),"",YEAR($B26)-YEAR(U$11))) | S26: 0 | T26: =T25*(1+S26) -> 0 | W26: =O26+U26 -> 0 | X26: =T26+V26 -> 0 | AA26: =((Z26/Z25)-1) -> #DIV/0! | AB26: =IF(DAY(AF$11)=0,"",IF(MONTH(AF$11)<>MONTH($B26),"",YEAR($B26)-YEAR(AF$11))) | AD26: 0 | AE26: =AE25*(1+AD26) -> 0 | AH26: =Z26+AF26 -> 0 | AI26: =AE26+AG26 -> 0 | AL26: =((AK26/AK25)-1) -> #DIV/0! | AM26: =IF(DAY(AQ$11)=0,"",IF(MONTH(AQ$11)<>MONTH($B26),"",YEAR($B26)-YEAR(AQ$11))) | AO26: 0 | AP26: =AP25*(1+AO26) -> 0 | AS26: =AK26+AQ26 -> 0 | AT26: =AP26+AR26 -> 0 | AW26: 38384 | AX26: =L26+W26+AH26+AS26 -> 0 | AY26: =((AX26/AX25)-1) -> #DIV/0! | AZ26: =M26+X26+AI26+AT26 -> 0 | BA26: =((AZ26/AZ25)-1) -> #DIV/0! | BC26: 33.145124 | BG26: =((BF26/BF25)-1) -> #DIV/0!
B27: 38412 | E27: =((D27/D26)-1) -> #DIV/0! | F27: =IF(DAY(J$11)=0,"",IF(MONTH(J$11)<>MONTH($B27),"",YEAR($B27)-YEAR(J$11))) | H27: 0 | I27: =I26*(1+H27) -> 0 | L27: =D27+J27 -> 0 | M27: =I27+K27 -> 0 | P27: =((O27/O26)-1) -> #DIV/0! | Q27: =IF(DAY(U$11)=0,"",IF(MONTH(U$11)<>MONTH($B27),"",YEAR($B27)-YEAR(U$11))) | S27: 0 | T27: =T26*(1+S27) -> 0 | W27: =O27+U27 -> 0 | X27: =T27+V27 -> 0 | AA27: =((Z27/Z26)-1) -> #DIV/0! | AB27: =IF(DAY(AF$11)=0,"",IF(MONTH(AF$11)<>MONTH($B27),"",YEAR($B27)-YEAR(AF$11))) | AD27: 0 | AE27: =AE26*(1+AD27) -> 0 | AH27: =Z27+AF27 -> 0 | AI27: =AE27+AG27 -> 0 | AL27: =((AK27/AK26)-1) -> #DIV/0! | AM27: =IF(DAY(AQ$11)=0,"",IF(MONTH(AQ$11)<>MONTH($B27),"",YEAR($B27)-YEAR(AQ$11))) | AO27: 0 | AP27: =AP26*(1+AO27) -> 0 | AS27: =AK27+AQ27 -> 0 | AT27: =AP27+AR27 -> 0 | AW27: 38412 | AX27: =L27+W27+AH27+AS27 -> 0 | AY27: =((AX27/AX26)-1) -> #DIV/0! | AZ27: =M27+X27+AI27+AT27 -> 0 | BA27: =((AZ27/AZ26)-1) -> #DIV/0! | BC27: 33.290962 | BG27: =((BF27/BF26)-1) -> #DIV/0!
B28: 38443 | E28: =((D28/D27)-1) -> #DIV/0! | F28: =IF(DAY(J$11)=0,"",IF(MONTH(J$11)<>MONTH($B28),"",YEAR($B28)-YEAR(J$11))) | H28: 0 | I28: =I27*(1+H28) -> 0 | L28: =D28+J28 -> 0 | M28: =I28+K28 -> 0 | P28: =((O28/O27)-1) -> #DIV/0! | Q28: =IF(DAY(U$11)=0,"",IF(MONTH(U$11)<>MONTH($B28),"",YEAR($B28)-YEAR(U$11))) | S28: 0 | T28: =T27*(1+S28) -> 0 | W28: =O28+U28 -> 0 | X28: =T28+V28 -> 0 | AA28: =((Z28/Z27)-1) -> #DIV/0! | AB28: =IF(DAY(AF$11)=0,"",IF(MONTH(AF$11)<>MONTH($B28),"",YEAR($B28)-YEAR(AF$11))) | AD28: 0 | AE28: =AE27*(1+AD28) -> 0 | AH28: =Z28+AF28 -> 0 | AI28: =AE28+AG28 -> 0 | AL28: =((AK28/AK27)-1) -> #DIV/0! | AM28: =IF(DAY(AQ$11)=0,"",IF(MONTH(AQ$11)<>MONTH($B28),"",YEAR($B28)-YEAR(AQ$11))) | AO28: 0 | AP28: =AP27*(1+AO28) -> 0 | AS28: =AK28+AQ28 -> 0 | AT28: =AP28+AR28 -> 0 | AW28: 38443 | AX28: =L28+W28+AH28+AS28 -> 0 | AY28: =((AX28/AX27)-1) -> #DIV/0! | AZ28: =M28+X28+AI28+AT28 -> 0 | BA28: =((AZ28/AZ27)-1) -> #DIV/0! | BC28: 33.533986 | BG28: =((BF28/BF27)-1) -> #DIV/0!
B29: 38473 | E29: =((D29/D28)-1) -> #DIV/0! | F29: =IF(DAY(J$11)=0,"",IF(MONTH(J$11)<>MONTH($B29),"",YEAR($B29)-YEAR(J$11))) | H29: 0 | I29: =I28*(1+H29) -> 0 | L29: =D29+J29 -> 0 | M29: =I29+K29 -> 0 | P29: =((O29/O28)-1) -> #DIV/0! | Q29: =IF(DAY(U$11)=0,"",IF(MONTH(U$11)<>MONTH($B29),"",YEAR($B29)-YEAR(U$11))) | S29: 0 | T29: =T28*(1+S29) -> 0 | W29: =O29+U29 -> 0 | X29: =T29+V29 -> 0 | AA29: =((Z29/Z28)-1) -> #DIV/0! | AB29: =IF(DAY(AF$11)=0,"",IF(MONTH(AF$11)<>MONTH($B29),"",YEAR($B29)-YEAR(AF$11))) | AD29: 0 | AE29: =AE28*(1+AD29) -> 0 | AH29: =Z29+AF29 -> 0 | AI29: =AE29+AG29 -> 0 | AL29: =((AK29/AK28)-1) -> #DIV/0! | AM29: =IF(DAY(AQ$11)=0,"",IF(MONTH(AQ$11)<>MONTH($B29),"",YEAR($B29)-YEAR(AQ$11))) | AO29: 0 | AP29: =AP28*(1+AO29) -> 0 | AS29: =AK29+AQ29 -> 0 | AT29: =AP29+AR29 -> 0 | AW29: 38473 | AX29: =L29+W29+AH29+AS29 -> 0 | AY29: =((AX29/AX28)-1) -> #DIV/0! | AZ29: =M29+X29+AI29+AT29 -> 0 | BA29: =((AZ29/AZ28)-1) -> #DIV/0! | BC29: 33.839145 | BG29: =((BF29/BF28)-1) -> #DIV/0!
B30: 38504 | E30: =((D30/D29)-1) -> #DIV/0! | F30: =IF(DAY(J$11)=0,"",IF(MONTH(J$11)<>MONTH($B30),"",YEAR($B30)-YEAR(J$11))) | H30: 0 | I30: =I29*(1+H30) -> 0 | L30: =D30+J30 -> 0 | M30: =I30+K30 -> 0 | P30: =((O30/O29)-1) -> #DIV/0! | Q30: =IF(DAY(U$11)=0,"",IF(MONTH(U$11)<>MONTH($B30),"",YEAR($B30)-YEAR(U$11))) | S30: 0 | T30: =T29*(1+S30) -> 0 | W30: =O30+U30 -> 0 | X30: =T30+V30 -> 0 | AA30: =((Z30/Z29)-1) -> #DIV/0! | AB30: =IF(DAY(AF$11)=0,"",IF(MONTH(AF$11)<>MONTH($B30),"",YEAR($B30)-YEAR(AF$11))) | AD30: 0 | AE30: =AE29*(1+AD30) -> 0 | AH30: =Z30+AF30 -> 0 | AI30: =AE30+AG30 -> 0 | AL30: =((AK30/AK29)-1) -> #DIV/0! | AM30: =IF(DAY(AQ$11)=0,"",IF(MONTH(AQ$11)<>MONTH($B30),"",YEAR($B30)-YEAR(AQ$11))) | AO30: 0 | AP30: =AP29*(1+AO30) -> 0 | AS30: =AK30+AQ30 -> 0 | AT30: =AP30+AR30 -> 0 | AW30: 38504 | AX30: =L30+W30+AH30+AS30 -> 0 | AY30: =((AX30/AX29)-1) -> #DIV/0! | AZ30: =M30+X30+AI30+AT30 -> 0 | BA30: =((AZ30/AZ29)-1) -> #DIV/0! | BC30: 34.076019 | BG30: =((BF30/BF29)-1) -> #DIV/0!
B31: 38534 | E31: =((D31/D30)-1) -> #DIV/0! | F31: =IF(DAY(J$11)=0,"",IF(MONTH(J$11)<>MONTH($B31),"",YEAR($B31)-YEAR(J$11))) | G31: Anual | H31: 0.1169 | I31: =I30*(1+H31) -> 0 | L31: =D31+J31 -> 0 | M31: =I31+K31 -> 0 | P31: =((O31/O30)-1) -> #DIV/0! | Q31: =IF(DAY(U$11)=0,"",IF(MONTH(U$11)<>MONTH($B31),"",YEAR($B31)-YEAR(U$11))) | R31: Anual | S31: 0.1169 | T31: =T30*(1+S31) -> 0 | W31: =O31+U31 -> 0 | X31: =T31+V31 -> 0 | AA31: =((Z31/Z30)-1) -> #DIV/0! | AB31: =IF(DAY(AF$11)=0,"",IF(MONTH(AF$11)<>MONTH($B31),"",YEAR($B31)-YEAR(AF$11))) | AC31: Anual | AD31: 0.1169 | AE31: =AE30*(1+AD31) -> 0 | AH31: =Z31+AF31 -> 0 | AI31: =AE31+AG31 -> 0 | AL31: =((AK31/AK30)-1) -> #DIV/0! | AM31: =IF(DAY(AQ$11)=0,"",IF(MONTH(AQ$11)<>MONTH($B31),"",YEAR($B31)-YEAR(AQ$11))) | AN31: Anual | AO31: 0.1169 | AP31: =AP30*(1+AO31) -> 0 | AS31: =AK31+AQ31 -> 0 | AT31: =AP31+AR31 -> 0 | AW31: 38534 | AX31: =L31+W31+AH31+AS31 -> 0 | AY31: =((AX31/AX30)-1) -> #DIV/0! | AZ31: =M31+X31+AI31+AT31 -> 0 | BA31: =((AZ31/AZ30)-1) -> #DIV/0! | BC31: 34.038535 | BG31: =((BF31/BF30)-1) -> #DIV/0!
B32: 38565 | E32: =((D32/D31)-1) -> #DIV/0! | F32: =IF(DAY(J$11)=0,"",IF(MONTH(J$11)<>MONTH($B32),"",YEAR($B32)-YEAR(J$11))) | H32: 0 | I32: =I31*(1+H32) -> 0 | L32: =D32+J32 -> 0 | M32: =I32+K32 -> 0 | P32: =((O32/O31)-1) -> #DIV/0! | Q32: =IF(DAY(U$11)=0,"",IF(MONTH(U$11)<>MONTH($B32),"",YEAR($B32)-YEAR(U$11))) | S32: 0 | T32: =T31*(1+S32) -> 0 | W32: =O32+U32 -> 0 | X32: =T32+V32 -> 0 | AA32: =((Z32/Z31)-1) -> #DIV/0! | AB32: =IF(DAY(AF$11)=0,"",IF(MONTH(AF$11)<>MONTH($B32),"",YEAR($B32)-YEAR(AF$11))) | AD32: 0 | AE32: =AE31*(1+AD32) -> 0 | AH32: =Z32+AF32 -> 0 | AI32: =AE32+AG32 -> 0 | AL32: =((AK32/AK31)-1) -> #DIV/0! | AM32: =IF(DAY(AQ$11)=0,"",IF(MONTH(AQ$11)<>MONTH($B32),"",YEAR($B32)-YEAR(AQ$11))) | AO32: 0 | AP32: =AP31*(1+AO32) -> 0 | AS32: =AK32+AQ32 -> 0 | AT32: =AP32+AR32 -> 0 | AW32: 38565 | AX32: =L32+W32+AH32+AS32 -> 0 | AY32: =((AX32/AX31)-1) -> #DIV/0! | AZ32: =M32+X32+AI32+AT32 -> 0 | BA32: =((AZ32/AZ31)-1) -> #DIV/0! | BC32: 34.048746 | BG32: =((BF32/BF31)-1) -> #DIV/0!
B33: 38596 | E33: =((D33/D32)-1) -> #DIV/0! | F33: =IF(DAY(J$11)=0,"",IF(MONTH(J$11)<>MONTH($B33),"",YEAR($B33)-YEAR(J$11))) | H33: 0 | I33: =I32*(1+H33) -> 0 | L33: =D33+J33 -> 0 | M33: =I33+K33 -> 0 | P33: =((O33/O32)-1) -> #DIV/0! | Q33: =IF(DAY(U$11)=0,"",IF(MONTH(U$11)<>MONTH($B33),"",YEAR($B33)-YEAR(U$11))) | S33: 0 | T33: =T32*(1+S33) -> 0 | W33: =O33+U33 -> 0 | X33: =T33+V33 -> 0 | AA33: =((Z33/Z32)-1) -> #DIV/0! | AB33: =IF(DAY(AF$11)=0,"",IF(MONTH(AF$11)<>MONTH($B33),"",YEAR($B33)-YEAR(AF$11))) | AD33: 0 | AE33: =AE32*(1+AD33) -> 0 | AH33: =Z33+AF33 -> 0 | AI33: =AE33+AG33 -> 0 | AL33: =((AK33/AK32)-1) -> #DIV/0! | AM33: =IF(DAY(AQ$11)=0,"",IF(MONTH(AQ$11)<>MONTH($B33),"",YEAR($B33)-YEAR(AQ$11))) | AO33: 0 | AP33: =AP32*(1+AO33) -> 0 | AS33: =AK33+AQ33 -> 0 | AT33: =AP33+AR33 -> 0 | AW33: 38596 | AX33: =L33+W33+AH33+AS33 -> 0 | AY33: =((AX33/AX32)-1) -> #DIV/0! | AZ33: =M33+X33+AI33+AT33 -> 0 | BA33: =((AZ33/AZ32)-1) -> #DIV/0! | BC33: 34.048746 | BG33: =((BF33/BF32)-1) -> #DIV/0!
B34: 38626 | E34: =((D34/D33)-1) -> #DIV/0! | F34: =IF(DAY(J$11)=0,"",IF(MONTH(J$11)<>MONTH($B34),"",YEAR($B34)-YEAR(J$11))) | H34: 0 | I34: =I33*(1+H34) -> 0 | L34: =D34+J34 -> 0 | M34: =I34+K34 -> 0 | P34: =((O34/O33)-1) -> #DIV/0! | Q34: =IF(DAY(U$11)=0,"",IF(MONTH(U$11)<>MONTH($B34),"",YEAR($B34)-YEAR(U$11))) | S34: 0 | T34: =T33*(1+S34) -> 0 | W34: =O34+U34 -> 0 | X34: =T34+V34 -> 0 | AA34: =((Z34/Z33)-1) -> #DIV/0! | AB34: =IF(DAY(AF$11)=0,"",IF(MONTH(AF$11)<>MONTH($B34),"",YEAR($B34)-YEAR(AF$11))) | AD34: 0 | AE34: =AE33*(1+AD34) -> 0 | AH34: =Z34+AF34 -> 0 | AI34: =AE34+AG34 -> 0 | AL34: =((AK34/AK33)-1) -> #DIV/0! | AM34: =IF(DAY(AQ$11)=0,"",IF(MONTH(AQ$11)<>MONTH($B34),"",YEAR($B34)-YEAR(AQ$11))) | AO34: 0 | AP34: =AP33*(1+AO34) -> 0 | AS34: =AK34+AQ34 -> 0 | AT34: =AP34+AR34 -> 0 | AW34: 38626 | AX34: =L34+W34+AH34+AS34 -> 0 | AY34: =((AX34/AX33)-1) -> #DIV/0! | AZ34: =M34+X34+AI34+AT34 -> 0 | BA34: =((AZ34/AZ33)-1) -> #DIV/0! | BC34: 34.099819 | BG34: =((BF34/BF33)-1) -> #DIV/0!
B35: 38657 | E35: =((D35/D34)-1) -> #DIV/0! | F35: =IF(DAY(J$11)=0,"",IF(MONTH(J$11)<>MONTH($B35),"",YEAR($B35)-YEAR(J$11))) | H35: 0 | I35: =I34*(1+H35) -> 0 | L35: =D35+J35 -> 0 | M35: =I35+K35 -> 0 | P35: =((O35/O34)-1) -> #DIV/0! | Q35: =IF(DAY(U$11)=0,"",IF(MONTH(U$11)<>MONTH($B35),"",YEAR($B35)-YEAR(U$11))) | S35: 0 | T35: =T34*(1+S35) -> 0 | W35: =O35+U35 -> 0 | X35: =T35+V35 -> 0 | AA35: =((Z35/Z34)-1) -> #DIV/0! | AB35: =IF(DAY(AF$11)=0,"",IF(MONTH(AF$11)<>MONTH($B35),"",YEAR($B35)-YEAR(AF$11))) | AD35: 0 | AE35: =AE34*(1+AD35) -> 0 | AH35: =Z35+AF35 -> 0 | AI35: =AE35+AG35 -> 0 | AL35: =((AK35/AK34)-1) -> #DIV/0! | AM35: =IF(DAY(AQ$11)=0,"",IF(MONTH(AQ$11)<>MONTH($B35),"",YEAR($B35)-YEAR(AQ$11))) | AO35: 0 | AP35: =AP34*(1+AO35) -> 0 | AS35: =AK35+AQ35 -> 0 | AT35: =AP35+AR35 -> 0 | AW35: 38657 | AX35: =L35+W35+AH35+AS35 -> 0 | AY35: =((AX35/AX34)-1) -> #DIV/0! | AZ35: =M35+X35+AI35+AT35 -> 0 | BA35: =((AZ35/AZ34)-1) -> #DIV/0! | BC35: 34.297597 | BG35: =((BF35/BF34)-1) -> #DIV/0!
B36: 38687 | E36: =((D36/D35)-1) -> #DIV/0! | F36: =IF(DAY(J$11)=0,"",IF(MONTH(J$11)<>MONTH($B36),"",YEAR($B36)-YEAR(J$11))) | H36: 0 | I36: =I35*(1+H36) -> 0 | L36: =D36+J36 -> 0 | M36: =I36+K36 -> 0 | P36: =((O36/O35)-1) -> #DIV/0! | Q36: =IF(DAY(U$11)=0,"",IF(MONTH(U$11)<>MONTH($B36),"",YEAR($B36)-YEAR(U$11))) | S36: 0 | T36: =T35*(1+S36) -> 0 | W36: =O36+U36 -> 0 | X36: =T36+V36 -> 0 | AA36: =((Z36/Z35)-1) -> #DIV/0! | AB36: =IF(DAY(AF$11)=0,"",IF(MONTH(AF$11)<>MONTH($B36),"",YEAR($B36)-YEAR(AF$11))) | AD36: 0 | AE36: =AE35*(1+AD36) -> 0 | AH36: =Z36+AF36 -> 0 | AI36: =AE36+AG36 -> 0 | AL36: =((AK36/AK35)-1) -> #DIV/0! | AM36: =IF(DAY(AQ$11)=0,"",IF(MONTH(AQ$11)<>MONTH($B36),"",YEAR($B36)-YEAR(AQ$11))) | AO36: 0 | AP36: =AP35*(1+AO36) -> 0 | AS36: =AK36+AQ36 -> 0 | AT36: =AP36+AR36 -> 0 | AW36: 38687 | AX36: =L36+W36+AH36+AS36 -> 0 | AY36: =((AX36/AX35)-1) -> #DIV/0! | AZ36: =M36+X36+AI36+AT36 -> 0 | BA36: =((AZ36/AZ35)-1) -> #DIV/0! | BC36: 34.482804 | BG36: =((BF36/BF35)-1) -> #DIV/0!
A37: 2006 | B37: 38718 | E37: =((D37/D36)-1) -> #DIV/0! | F37: =IF(DAY(J$11)=0,"",IF(MONTH(J$11)<>MONTH($B37),"",YEAR($B37)-YEAR(J$11))) | H37: 0 | I37: =I36*(1+H37) -> 0 | L37: =D37+J37 -> 0 | M37: =I37+K37 -> 0 | P37: =((O37/O36)-1) -> #DIV/0! | Q37: =IF(DAY(U$11)=0,"",IF(MONTH(U$11)<>MONTH($B37),"",YEAR($B37)-YEAR(U$11))) | S37: 0 | T37: =T36*(1+S37) -> 0 | W37: =O37+U37 -> 0 | X37: =T37+V37 -> 0 | AA37: =((Z37/Z36)-1) -> #DIV/0! | AB37: =IF(DAY(AF$11)=0,"",IF(MONTH(AF$11)<>MONTH($B37),"",YEAR($B37)-YEAR(AF$11))) | AD37: 0 | AE37: =AE36*(1+AD37) -> 0 | AH37: =Z37+AF37 -> 0 | AI37: =AE37+AG37 -> 0 | AL37: =((AK37/AK36)-1) -> #DIV/0! | AM37: =IF(DAY(AQ$11)=0,"",IF(MONTH(AQ$11)<>MONTH($B37),"",YEAR($B37)-YEAR(AQ$11))) | AO37: 0 | AP37: =AP36*(1+AO37) -> 0 | AS37: =AK37+AQ37 -> 0 | AT37: =AP37+AR37 -> 0 | AV37: 2006 | AW37: 38718 | AX37: =L37+W37+AH37+AS37 -> 0 | AY37: =((AX37/AX36)-1) -> #DIV/0! | AZ37: =M37+X37+AI37+AT37 -> 0 | BA37: =((AZ37/AZ36)-1) -> #DIV/0! | BC37: 34.620735 | BG37: =((BF37/BF36)-1) -> #DIV/0!
B38: 38749 | E38: =((D38/D37)-1) -> #DIV/0! | F38: =IF(DAY(J$11)=0,"",IF(MONTH(J$11)<>MONTH($B38),"",YEAR($B38)-YEAR(J$11))) | H38: 0 | I38: =I37*(1+H38) -> 0 | L38: =D38+J38 -> 0 | M38: =I38+K38 -> 0 | P38: =((O38/O37)-1) -> #DIV/0! | Q38: =IF(DAY(U$11)=0,"",IF(MONTH(U$11)<>MONTH($B38),"",YEAR($B38)-YEAR(U$11))) | S38: 0 | T38: =T37*(1+S38) -> 0 | W38: =O38+U38 -> 0 | X38: =T38+V38 -> 0 | AA38: =((Z38/Z37)-1) -> #DIV/0! | AB38: =IF(DAY(AF$11)=0,"",IF(MONTH(AF$11)<>MONTH($B38),"",YEAR($B38)-YEAR(AF$11))) | AD38: 0 | AE38: =AE37*(1+AD38) -> 0 | AH38: =Z38+AF38 -> 0 | AI38: =AE38+AG38 -> 0 | AL38: =((AK38/AK37)-1) -> #DIV/0! | AM38: =IF(DAY(AQ$11)=0,"",IF(MONTH(AQ$11)<>MONTH($B38),"",YEAR($B38)-YEAR(AQ$11))) | AO38: 0 | AP38: =AP37*(1+AO38) -> 0 | AS38: =AK38+AQ38 -> 0 | AT38: =AP38+AR38 -> 0 | AW38: 38749 | AX38: =L38+W38+AH38+AS38 -> 0 | AY38: =((AX38/AX37)-1) -> #DIV/0! | AZ38: =M38+X38+AI38+AT38 -> 0 | BA38: =((AZ38/AZ37)-1) -> #DIV/0! | BC38: 34.752293 | BG38: =((BF38/BF37)-1) -> #DIV/0!
B39: 38777 | E39: =((D39/D38)-1) -> #DIV/0! | F39: =IF(DAY(J$11)=0,"",IF(MONTH(J$11)<>MONTH($B39),"",YEAR($B39)-YEAR(J$11))) | H39: 0 | I39: =I38*(1+H39) -> 0 | L39: =D39+J39 -> 0 | M39: =I39+K39 -> 0 | P39: =((O39/O38)-1) -> #DIV/0! | Q39: =IF(DAY(U$11)=0,"",IF(MONTH(U$11)<>MONTH($B39),"",YEAR($B39)-YEAR(U$11))) | S39: 0 | T39: =T38*(1+S39) -> 0 | W39: =O39+U39 -> 0 | X39: =T39+V39 -> 0 | AA39: =((Z39/Z38)-1) -> #DIV/0! | AB39: =IF(DAY(AF$11)=0,"",IF(MONTH(AF$11)<>MONTH($B39),"",YEAR($B39)-YEAR(AF$11))) | AD39: 0 | AE39: =AE38*(1+AD39) -> 0 | AH39: =Z39+AF39 -> 0 | AI39: =AE39+AG39 -> 0 | AL39: =((AK39/AK38)-1) -> #DIV/0! | AM39: =IF(DAY(AQ$11)=0,"",IF(MONTH(AQ$11)<>MONTH($B39),"",YEAR($B39)-YEAR(AQ$11))) | AO39: 0 | AP39: =AP38*(1+AO39) -> 0 | AS39: =AK39+AQ39 -> 0 | AT39: =AP39+AR39 -> 0 | AW39: 38777 | AX39: =L39+W39+AH39+AS39 -> 0 | AY39: =((AX39/AX38)-1) -> #DIV/0! | AZ39: =M39+X39+AI39+AT39 -> 0 | BA39: =((AZ39/AZ38)-1) -> #DIV/0! | BC39: 34.832223 | BG39: =((BF39/BF38)-1) -> #DIV/0!
B40: 38808 | E40: =((D40/D39)-1) -> #DIV/0! | F40: =IF(DAY(J$11)=0,"",IF(MONTH(J$11)<>MONTH($B40),"",YEAR($B40)-YEAR(J$11))) | H40: 0 | I40: =I39*(1+H40) -> 0 | L40: =D40+J40 -> 0 | M40: =I40+K40 -> 0 | P40: =((O40/O39)-1) -> #DIV/0! | Q40: =IF(DAY(U$11)=0,"",IF(MONTH(U$11)<>MONTH($B40),"",YEAR($B40)-YEAR(U$11))) | S40: 0 | T40: =T39*(1+S40) -> 0 | W40: =O40+U40 -> 0 | X40: =T40+V40 -> 0 | AA40: =((Z40/Z39)-1) -> #DIV/0! | AB40: =IF(DAY(AF$11)=0,"",IF(MONTH(AF$11)<>MONTH($B40),"",YEAR($B40)-YEAR(AF$11))) | AD40: 0 | AE40: =AE39*(1+AD40) -> 0 | AH40: =Z40+AF40 -> 0 | AI40: =AE40+AG40 -> 0 | AL40: =((AK40/AK39)-1) -> #DIV/0! | AM40: =IF(DAY(AQ$11)=0,"",IF(MONTH(AQ$11)<>MONTH($B40),"",YEAR($B40)-YEAR(AQ$11))) | AO40: 0 | AP40: =AP39*(1+AO40) -> 0 | AS40: =AK40+AQ40 -> 0 | AT40: =AP40+AR40 -> 0 | AW40: 38808 | AX40: =L40+W40+AH40+AS40 -> 0 | AY40: =((AX40/AX39)-1) -> #DIV/0! | AZ40: =M40+X40+AI40+AT40 -> 0 | BA40: =((AZ40/AZ39)-1) -> #DIV/0! | BC40: 34.92627 | BG40: =((BF40/BF39)-1) -> #DIV/0!
B41: 38838 | E41: =((D41/D40)-1) -> #DIV/0! | F41: =IF(DAY(J$11)=0,"",IF(MONTH(J$11)<>MONTH($B41),"",YEAR($B41)-YEAR(J$11))) | H41: 0 | I41: =I40*(1+H41) -> 0 | L41: =D41+J41 -> 0 | M41: =I41+K41 -> 0 | P41: =((O41/O40)-1) -> #DIV/0! | Q41: =IF(DAY(U$11)=0,"",IF(MONTH(U$11)<>MONTH($B41),"",YEAR($B41)-YEAR(U$11))) | S41: 0 | T41: =T40*(1+S41) -> 0 | W41: =O41+U41 -> 0 | X41: =T41+V41 -> 0 | AA41: =((Z41/Z40)-1) -> #DIV/0! | AB41: =IF(DAY(AF$11)=0,"",IF(MONTH(AF$11)<>MONTH($B41),"",YEAR($B41)-YEAR(AF$11))) | AD41: 0 | AE41: =AE40*(1+AD41) -> 0 | AH41: =Z41+AF41 -> 0 | AI41: =AE41+AG41 -> 0 | AL41: =((AK41/AK40)-1) -> #DIV/0! | AM41: =IF(DAY(AQ$11)=0,"",IF(MONTH(AQ$11)<>MONTH($B41),"",YEAR($B41)-YEAR(AQ$11))) | AO41: 0 | AP41: =AP40*(1+AO41) -> 0 | AS41: =AK41+AQ41 -> 0 | AT41: =AP41+AR41 -> 0 | AW41: 38838 | AX41: =L41+W41+AH41+AS41 -> 0 | AY41: =((AX41/AX40)-1) -> #DIV/0! | AZ41: =M41+X41+AI41+AT41 -> 0 | BA41: =((AZ41/AZ40)-1) -> #DIV/0! | BC41: 34.968181 | BG41: =((BF41/BF40)-1) -> #DIV/0!
B42: 38869 | E42: =((D42/D41)-1) -> #DIV/0! | F42: =IF(DAY(J$11)=0,"",IF(MONTH(J$11)<>MONTH($B42),"",YEAR($B42)-YEAR(J$11))) | H42: 0 | I42: =I41*(1+H42) -> 0 | L42: =D42+J42 -> 0 | M42: =I42+K42 -> 0 | P42: =((O42/O41)-1) -> #DIV/0! | Q42: =IF(DAY(U$11)=0,"",IF(MONTH(U$11)<>MONTH($B42),"",YEAR($B42)-YEAR(U$11))) | S42: 0 | T42: =T41*(1+S42) -> 0 | W42: =O42+U42 -> 0 | X42: =T42+V42 -> 0 | AA42: =((Z42/Z41)-1) -> #DIV/0! | AB42: =IF(DAY(AF$11)=0,"",IF(MONTH(AF$11)<>MONTH($B42),"",YEAR($B42)-YEAR(AF$11))) | AD42: 0 | AE42: =AE41*(1+AD42) -> 0 | AH42: =Z42+AF42 -> 0 | AI42: =AE42+AG42 -> 0 | AL42: =((AK42/AK41)-1) -> #DIV/0! | AM42: =IF(DAY(AQ$11)=0,"",IF(MONTH(AQ$11)<>MONTH($B42),"",YEAR($B42)-YEAR(AQ$11))) | AO42: 0 | AP42: =AP41*(1+AO42) -> 0 | AS42: =AK42+AQ42 -> 0 | AT42: =AP42+AR42 -> 0 | AW42: 38869 | AX42: =L42+W42+AH42+AS42 -> 0 | AY42: =((AX42/AX41)-1) -> #DIV/0! | AZ42: =M42+X42+AI42+AT42 -> 0 | BA42: =((AZ42/AZ41)-1) -> #DIV/0! | BC42: 35.013639 | BG42: =((BF42/BF41)-1) -> #DIV/0!
B43: 38899 | E43: =((D43/D42)-1) -> #DIV/0! | F43: =IF(DAY(J$11)=0,"",IF(MONTH(J$11)<>MONTH($B43),"",YEAR($B43)-YEAR(J$11))) | G43: Anual | H43: 0.0889 | I43: =I42*(1+H43) -> 0 | L43: =D43+J43 -> 0 | M43: =I43+K43 -> 0 | P43: =((O43/O42)-1) -> #DIV/0! | Q43: =IF(DAY(U$11)=0,"",IF(MONTH(U$11)<>MONTH($B43),"",YEAR($B43)-YEAR(U$11))) | R43: Anual | S43: 0.0889 | T43: =T42*(1+S43) -> 0 | W43: =O43+U43 -> 0 | X43: =T43+V43 -> 0 | AA43: =((Z43/Z42)-1) -> #DIV/0! | AB43: =IF(DAY(AF$11)=0,"",IF(MONTH(AF$11)<>MONTH($B43),"",YEAR($B43)-YEAR(AF$11))) | AC43: Anual | AD43: 0.0889 | AE43: =AE42*(1+AD43) -> 0 | AH43: =Z43+AF43 -> 0 | AI43: =AE43+AG43 -> 0 | AL43: =((AK43/AK42)-1) -> #DIV/0! | AM43: =IF(DAY(AQ$11)=0,"",IF(MONTH(AQ$11)<>MONTH($B43),"",YEAR($B43)-YEAR(AQ$11))) | AN43: Anual | AO43: 0.0889 | AP43: =AP42*(1+AO43) -> 0 | AS43: =AK43+AQ43 -> 0 | AT43: =AP43+AR43 -> 0 | AW43: 38899 | AX43: =L43+W43+AH43+AS43 -> 0 | AY43: =((AX43/AX42)-1) -> #DIV/0! | AZ43: =M43+X43+AI43+AT43 -> 0 | BA43: =((AZ43/AZ42)-1) -> #DIV/0! | BC43: 34.989129 | BG43: =((BF43/BF42)-1) -> #DIV/0!
B44: 38930 | E44: =((D44/D43)-1) -> #DIV/0! | F44: =IF(DAY(J$11)=0,"",IF(MONTH(J$11)<>MONTH($B44),"",YEAR($B44)-YEAR(J$11))) | H44: 0 | I44: =I43*(1+H44) -> 0 | L44: =D44+J44 -> 0 | M44: =I44+K44 -> 0 | P44: =((O44/O43)-1) -> #DIV/0! | Q44: =IF(DAY(U$11)=0,"",IF(MONTH(U$11)<>MONTH($B44),"",YEAR($B44)-YEAR(U$11))) | S44: 0 | T44: =T43*(1+S44) -> 0 | W44: =O44+U44 -> 0 | X44: =T44+V44 -> 0 | AA44: =((Z44/Z43)-1) -> #DIV/0! | AB44: =IF(DAY(AF$11)=0,"",IF(MONTH(AF$11)<>MONTH($B44),"",YEAR($B44)-YEAR(AF$11))) | AD44: 0 | AE44: =AE43*(1+AD44) -> 0 | AH44: =Z44+AF44 -> 0 | AI44: =AE44+AG44 -> 0 | AL44: =((AK44/AK43)-1) -> #DIV/0! | AM44: =IF(DAY(AQ$11)=0,"",IF(MONTH(AQ$11)<>MONTH($B44),"",YEAR($B44)-YEAR(AQ$11))) | AO44: 0 | AP44: =AP43*(1+AO44) -> 0 | AS44: =AK44+AQ44 -> 0 | AT44: =AP44+AR44 -> 0 | AW44: 38930 | AX44: =L44+W44+AH44+AS44 -> 0 | AY44: =((AX44/AX43)-1) -> #DIV/0! | AZ44: =M44+X44+AI44+AT44 -> 0 | BA44: =((AZ44/AZ43)-1) -> #DIV/0! | BC44: 35.027617 | BG44: =((BF44/BF43)-1) -> #DIV/0!
B45: 38961 | E45: =((D45/D44)-1) -> #DIV/0! | F45: =IF(DAY(J$11)=0,"",IF(MONTH(J$11)<>MONTH($B45),"",YEAR($B45)-YEAR(J$11))) | H45: 0 | I45: =I44*(1+H45) -> 0 | L45: =D45+J45 -> 0 | M45: =I45+K45 -> 0 | P45: =((O45/O44)-1) -> #DIV/0! | Q45: =IF(DAY(U$11)=0,"",IF(MONTH(U$11)<>MONTH($B45),"",YEAR($B45)-YEAR(U$11))) | S45: 0 | T45: =T44*(1+S45) -> 0 | W45: =O45+U45 -> 0 | X45: =T45+V45 -> 0 | AA45: =((Z45/Z44)-1) -> #DIV/0! | AB45: =IF(DAY(AF$11)=0,"",IF(MONTH(AF$11)<>MONTH($B45),"",YEAR($B45)-YEAR(AF$11))) | AD45: 0 | AE45: =AE44*(1+AD45) -> 0 | AH45: =Z45+AF45 -> 0 | AI45: =AE45+AG45 -> 0 | AL45: =((AK45/AK44)-1) -> #DIV/0! | AM45: =IF(DAY(AQ$11)=0,"",IF(MONTH(AQ$11)<>MONTH($B45),"",YEAR($B45)-YEAR(AQ$11))) | AO45: 0 | AP45: =AP44*(1+AO45) -> 0 | AS45: =AK45+AQ45 -> 0 | AT45: =AP45+AR45 -> 0 | AW45: 38961 | AX45: =L45+W45+AH45+AS45 -> 0 | AY45: =((AX45/AX44)-1) -> #DIV/0! | AZ45: =M45+X45+AI45+AT45 -> 0 | BA45: =((AZ45/AZ44)-1) -> #DIV/0! | BC45: 35.020611 | BG45: =((BF45/BF44)-1) -> #DIV/0!
B46: 38991 | E46: =((D46/D45)-1) -> #DIV/0! | F46: =IF(DAY(J$11)=0,"",IF(MONTH(J$11)<>MONTH($B46),"",YEAR($B46)-YEAR(J$11))) | H46: 0 | I46: =I45*(1+H46) -> 0 | L46: =D46+J46 -> 0 | M46: =I46+K46 -> 0 | P46: =((O46/O45)-1) -> #DIV/0! | Q46: =IF(DAY(U$11)=0,"",IF(MONTH(U$11)<>MONTH($B46),"",YEAR($B46)-YEAR(U$11))) | S46: 0 | T46: =T45*(1+S46) -> 0 | W46: =O46+U46 -> 0 | X46: =T46+V46 -> 0 | AA46: =((Z46/Z45)-1) -> #DIV/0! | AB46: =IF(DAY(AF$11)=0,"",IF(MONTH(AF$11)<>MONTH($B46),"",YEAR($B46)-YEAR(AF$11))) | AD46: 0 | AE46: =AE45*(1+AD46) -> 0 | AH46: =Z46+AF46 -> 0 | AI46: =AE46+AG46 -> 0 | AL46: =((AK46/AK45)-1) -> #DIV/0! | AM46: =IF(DAY(AQ$11)=0,"",IF(MONTH(AQ$11)<>MONTH($B46),"",YEAR($B46)-YEAR(AQ$11))) | AO46: 0 | AP46: =AP45*(1+AO46) -> 0 | AS46: =AK46+AQ46 -> 0 | AT46: =AP46+AR46 -> 0 | AW46: 38991 | AX46: =L46+W46+AH46+AS46 -> 0 | AY46: =((AX46/AX45)-1) -> #DIV/0! | AZ46: =M46+X46+AI46+AT46 -> 0 | BA46: =((AZ46/AZ45)-1) -> #DIV/0! | BC46: 35.076643 | BG46: =((BF46/BF45)-1) -> #DIV/0!
B47: 39022 | E47: =((D47/D46)-1) -> #DIV/0! | F47: =IF(DAY(J$11)=0,"",IF(MONTH(J$11)<>MONTH($B47),"",YEAR($B47)-YEAR(J$11))) | H47: 0 | I47: =I46*(1+H47) -> 0 | L47: =D47+J47 -> 0 | M47: =I47+K47 -> 0 | P47: =((O47/O46)-1) -> #DIV/0! | Q47: =IF(DAY(U$11)=0,"",IF(MONTH(U$11)<>MONTH($B47),"",YEAR($B47)-YEAR(U$11))) | S47: 0 | T47: =T46*(1+S47) -> 0 | W47: =O47+U47 -> 0 | X47: =T47+V47 -> 0 | AA47: =((Z47/Z46)-1) -> #DIV/0! | AB47: =IF(DAY(AF$11)=0,"",IF(MONTH(AF$11)<>MONTH($B47),"",YEAR($B47)-YEAR(AF$11))) | AD47: 0 | AE47: =AE46*(1+AD47) -> 0 | AH47: =Z47+AF47 -> 0 | AI47: =AE47+AG47 -> 0 | AL47: =((AK47/AK46)-1) -> #DIV/0! | AM47: =IF(DAY(AQ$11)=0,"",IF(MONTH(AQ$11)<>MONTH($B47),"",YEAR($B47)-YEAR(AQ$11))) | AO47: 0 | AP47: =AP46*(1+AO47) -> 0 | AS47: =AK47+AQ47 -> 0 | AT47: =AP47+AR47 -> 0 | AW47: 39022 | AX47: =L47+W47+AH47+AS47 -> 0 | AY47: =((AX47/AX46)-1) -> #DIV/0! | AZ47: =M47+X47+AI47+AT47 -> 0 | BA47: =((AZ47/AZ46)-1) -> #DIV/0! | BC47: 35.227472 | BG47: =((BF47/BF46)-1) -> #DIV/0!
B48: 39052 | E48: =((D48/D47)-1) -> #DIV/0! | F48: =IF(DAY(J$11)=0,"",IF(MONTH(J$11)<>MONTH($B48),"",YEAR($B48)-YEAR(J$11))) | H48: 0 | I48: =I47*(1+H48) -> 0 | L48: =D48+J48 -> 0 | M48: =I48+K48 -> 0 | P48: =((O48/O47)-1) -> #DIV/0! | Q48: =IF(DAY(U$11)=0,"",IF(MONTH(U$11)<>MONTH($B48),"",YEAR($B48)-YEAR(U$11))) | S48: 0 | T48: =T47*(1+S48) -> 0 | W48: =O48+U48 -> 0 | X48: =T48+V48 -> 0 | AA48: =((Z48/Z47)-1) -> #DIV/0! | AB48: =IF(DAY(AF$11)=0,"",IF(MONTH(AF$11)<>MONTH($B48),"",YEAR($B48)-YEAR(AF$11))) | AD48: 0 | AE48: =AE47*(1+AD48) -> 0 | AH48: =Z48+AF48 -> 0 | AI48: =AE48+AG48 -> 0 | AL48: =((AK48/AK47)-1) -> #DIV/0! | AM48: =IF(DAY(AQ$11)=0,"",IF(MONTH(AQ$11)<>MONTH($B48),"",YEAR($B48)-YEAR(AQ$11))) | AO48: 0 | AP48: =AP47*(1+AO48) -> 0 | AS48: =AK48+AQ48 -> 0 | AT48: =AP48+AR48 -> 0 | AW48: 39052 | AX48: =L48+W48+AH48+AS48 -> 0 | AY48: =((AX48/AX47)-1) -> #DIV/0! | AZ48: =M48+X48+AI48+AT48 -> 0 | BA48: =((AZ48/AZ47)-1) -> #DIV/0! | BC48: 35.375427 | BG48: =((BF48/BF47)-1) -> #DIV/0!
A49: 2007 | B49: 39083 | E49: =((D49/D48)-1) -> #DIV/0! | F49: =IF(DAY(J$11)=0,"",IF(MONTH(J$11)<>MONTH($B49),"",YEAR($B49)-YEAR(J$11))) | H49: 0 | I49: =I48*(1+H49) -> 0 | L49: =D49+J49 -> 0 | M49: =I49+K49 -> 0 | P49: =((O49/O48)-1) -> #DIV/0! | Q49: =IF(DAY(U$11)=0,"",IF(MONTH(U$11)<>MONTH($B49),"",YEAR($B49)-YEAR(U$11))) | S49: 0 | T49: =T48*(1+S49) -> 0 | W49: =O49+U49 -> 0 | X49: =T49+V49 -> 0 | AA49: =((Z49/Z48)-1) -> #DIV/0! | AB49: =IF(DAY(AF$11)=0,"",IF(MONTH(AF$11)<>MONTH($B49),"",YEAR($B49)-YEAR(AF$11))) | AD49: 0 | AE49: =AE48*(1+AD49) -> 0 | AH49: =Z49+AF49 -> 0 | AI49: =AE49+AG49 -> 0 | AL49: =((AK49/AK48)-1) -> #DIV/0! | AM49: =IF(DAY(AQ$11)=0,"",IF(MONTH(AQ$11)<>MONTH($B49),"",YEAR($B49)-YEAR(AQ$11))) | AO49: 0 | AP49: =AP48*(1+AO49) -> 0 | AS49: =AK49+AQ49 -> 0 | AT49: =AP49+AR49 -> 0 | AV49: 2007 | AW49: 39083 | AX49: =L49+W49+AH49+AS49 -> 0 | AY49: =((AX49/AX48)-1) -> #DIV/0! | AZ49: =M49+X49+AI49+AT49 -> 0 | BA49: =((AZ49/AZ48)-1) -> #DIV/0! | BC49: 35.594754 | BG49: =((BF49/BF48)-1) -> #DIV/0!
B50: 39114 | E50: =((D50/D49)-1) -> #DIV/0! | F50: =IF(DAY(J$11)=0,"",IF(MONTH(J$11)<>MONTH($B50),"",YEAR($B50)-YEAR(J$11))) | H50: 0 | I50: =I49*(1+H50) -> 0 | L50: =D50+J50 -> 0 | M50: =I50+K50 -> 0 | P50: =((O50/O49)-1) -> #DIV/0! | Q50: =IF(DAY(U$11)=0,"",IF(MONTH(U$11)<>MONTH($B50),"",YEAR($B50)-YEAR(U$11))) | S50: 0 | T50: =T49*(1+S50) -> 0 | W50: =O50+U50 -> 0 | X50: =T50+V50 -> 0 | AA50: =((Z50/Z49)-1) -> #DIV/0! | AB50: =IF(DAY(AF$11)=0,"",IF(MONTH(AF$11)<>MONTH($B50),"",YEAR($B50)-YEAR(AF$11))) | AD50: 0 | AE50: =AE49*(1+AD50) -> 0 | AH50: =Z50+AF50 -> 0 | AI50: =AE50+AG50 -> 0 | AL50: =((AK50/AK49)-1) -> #DIV/0! | AM50: =IF(DAY(AQ$11)=0,"",IF(MONTH(AQ$11)<>MONTH($B50),"",YEAR($B50)-YEAR(AQ$11))) | AO50: 0 | AP50: =AP49*(1+AO50) -> 0 | AS50: =AK50+AQ50 -> 0 | AT50: =AP50+AR50 -> 0 | AW50: 39114 | AX50: =L50+W50+AH50+AS50 -> 0 | AY50: =((AX50/AX49)-1) -> #DIV/0! | AZ50: =M50+X50+AI50+AT50 -> 0 | BA50: =((AZ50/AZ49)-1) -> #DIV/0! | BC50: 35.769168 | BG50: =((BF50/BF49)-1) -> #DIV/0!
B51: 39142 | E51: =((D51/D50)-1) -> #DIV/0! | F51: =IF(DAY(J$11)=0,"",IF(MONTH(J$11)<>MONTH($B51),"",YEAR($B51)-YEAR(J$11))) | H51: 0 | I51: =I50*(1+H51) -> 0 | L51: =D51+J51 -> 0 | M51: =I51+K51 -> 0 | P51: =((O51/O50)-1) -> #DIV/0! | Q51: =IF(DAY(U$11)=0,"",IF(MONTH(U$11)<>MONTH($B51),"",YEAR($B51)-YEAR(U$11))) | S51: 0 | T51: =T50*(1+S51) -> 0 | W51: =O51+U51 -> 0 | X51: =T51+V51 -> 0 | AA51: =((Z51/Z50)-1) -> #DIV/0! | AB51: =IF(DAY(AF$11)=0,"",IF(MONTH(AF$11)<>MONTH($B51),"",YEAR($B51)-YEAR(AF$11))) | AD51: 0 | AE51: =AE50*(1+AD51) -> 0 | AH51: =Z51+AF51 -> 0 | AI51: =AE51+AG51 -> 0 | AL51: =((AK51/AK50)-1) -> #DIV/0! | AM51: =IF(DAY(AQ$11)=0,"",IF(MONTH(AQ$11)<>MONTH($B51),"",YEAR($B51)-YEAR(AQ$11))) | AO51: 0 | AP51: =AP50*(1+AO51) -> 0 | AS51: =AK51+AQ51 -> 0 | AT51: =AP51+AR51 -> 0 | AW51: 39142 | AX51: =L51+W51+AH51+AS51 -> 0 | AY51: =((AX51/AX50)-1) -> #DIV/0! | AZ51: =M51+X51+AI51+AT51 -> 0 | BA51: =((AZ51/AZ50)-1) -> #DIV/0! | BC51: 35.919398 | BG51: =((BF51/BF50)-1) -> #DIV/0!
B52: 39173 | E52: =((D52/D51)-1) -> #DIV/0! | F52: =IF(DAY(J$11)=0,"",IF(MONTH(J$11)<>MONTH($B52),"",YEAR($B52)-YEAR(J$11))) | H52: 0 | I52: =I51*(1+H52) -> 0 | L52: =D52+J52 -> 0 | M52: =I52+K52 -> 0 | P52: =((O52/O51)-1) -> #DIV/0! | Q52: =IF(DAY(U$11)=0,"",IF(MONTH(U$11)<>MONTH($B52),"",YEAR($B52)-YEAR(U$11))) | S52: 0 | T52: =T51*(1+S52) -> 0 | W52: =O52+U52 -> 0 | X52: =T52+V52 -> 0 | AA52: =((Z52/Z51)-1) -> #DIV/0! | AB52: =IF(DAY(AF$11)=0,"",IF(MONTH(AF$11)<>MONTH($B52),"",YEAR($B52)-YEAR(AF$11))) | AD52: 0 | AE52: =AE51*(1+AD52) -> 0 | AH52: =Z52+AF52 -> 0 | AI52: =AE52+AG52 -> 0 | AL52: =((AK52/AK51)-1) -> #DIV/0! | AM52: =IF(DAY(AQ$11)=0,"",IF(MONTH(AQ$11)<>MONTH($B52),"",YEAR($B52)-YEAR(AQ$11))) | AO52: 0 | AP52: =AP51*(1+AO52) -> 0 | AS52: =AK52+AQ52 -> 0 | AT52: =AP52+AR52 -> 0 | AW52: 39173 | AX52: =L52+W52+AH52+AS52 -> 0 | AY52: =((AX52/AX51)-1) -> #DIV/0! | AZ52: =M52+X52+AI52+AT52 -> 0 | BA52: =((AZ52/AZ51)-1) -> #DIV/0! | BC52: 36.077443 | BG52: =((BF52/BF51)-1) -> #DIV/0!
B53: 39203 | E53: =((D53/D52)-1) -> #DIV/0! | F53: =IF(DAY(J$11)=0,"",IF(MONTH(J$11)<>MONTH($B53),"",YEAR($B53)-YEAR(J$11))) | H53: 0 | I53: =I52*(1+H53) -> 0 | L53: =D53+J53 -> 0 | M53: =I53+K53 -> 0 | P53: =((O53/O52)-1) -> #DIV/0! | Q53: =IF(DAY(U$11)=0,"",IF(MONTH(U$11)<>MONTH($B53),"",YEAR($B53)-YEAR(U$11))) | S53: 0 | T53: =T52*(1+S53) -> 0 | W53: =O53+U53 -> 0 | X53: =T53+V53 -> 0 | AA53: =((Z53/Z52)-1) -> #DIV/0! | AB53: =IF(DAY(AF$11)=0,"",IF(MONTH(AF$11)<>MONTH($B53),"",YEAR($B53)-YEAR(AF$11))) | AD53: 0 | AE53: =AE52*(1+AD53) -> 0 | AH53: =Z53+AF53 -> 0 | AI53: =AE53+AG53 -> 0 | AL53: =((AK53/AK52)-1) -> #DIV/0! | AM53: =IF(DAY(AQ$11)=0,"",IF(MONTH(AQ$11)<>MONTH($B53),"",YEAR($B53)-YEAR(AQ$11))) | AO53: 0 | AP53: =AP52*(1+AO53) -> 0 | AS53: =AK53+AQ53 -> 0 | AT53: =AP53+AR53 -> 0 | AW53: 39203 | AX53: =L53+W53+AH53+AS53 -> 0 | AY53: =((AX53/AX52)-1) -> #DIV/0! | AZ53: =M53+X53+AI53+AT53 -> 0 | BA53: =((AZ53/AZ52)-1) -> #DIV/0! | BC53: 36.171244 | BG53: =((BF53/BF52)-1) -> #DIV/0!
B54: 39234 | E54: =((D54/D53)-1) -> #DIV/0! | F54: =IF(DAY(J$11)=0,"",IF(MONTH(J$11)<>MONTH($B54),"",YEAR($B54)-YEAR(J$11))) | H54: 0 | I54: =I53*(1+H54) -> 0 | L54: =D54+J54 -> 0 | M54: =I54+K54 -> 0 | P54: =((O54/O53)-1) -> #DIV/0! | Q54: =IF(DAY(U$11)=0,"",IF(MONTH(U$11)<>MONTH($B54),"",YEAR($B54)-YEAR(U$11))) | S54: 0 | T54: =T53*(1+S54) -> 0 | W54: =O54+U54 -> 0 | X54: =T54+V54 -> 0 | AA54: =((Z54/Z53)-1) -> #DIV/0! | AB54: =IF(DAY(AF$11)=0,"",IF(MONTH(AF$11)<>MONTH($B54),"",YEAR($B54)-YEAR(AF$11))) | AD54: 0 | AE54: =AE53*(1+AD54) -> 0 | AH54: =Z54+AF54 -> 0 | AI54: =AE54+AG54 -> 0 | AL54: =((AK54/AK53)-1) -> #DIV/0! | AM54: =IF(DAY(AQ$11)=0,"",IF(MONTH(AQ$11)<>MONTH($B54),"",YEAR($B54)-YEAR(AQ$11))) | AO54: 0 | AP54: =AP53*(1+AO54) -> 0 | AS54: =AK54+AQ54 -> 0 | AT54: =AP54+AR54 -> 0 | AW54: 39234 | AX54: =L54+W54+AH54+AS54 -> 0 | AY54: =((AX54/AX53)-1) -> #DIV/0! | AZ54: =M54+X54+AI54+AT54 -> 0 | BA54: =((AZ54/AZ53)-1) -> #DIV/0! | BC54: 36.265289 | BG54: =((BF54/BF53)-1) -> #DIV/0!
B55: 39264 | E55: =((D55/D54)-1) -> #DIV/0! | F55: =IF(DAY(J$11)=0,"",IF(MONTH(J$11)<>MONTH($B55),"",YEAR($B55)-YEAR(J$11))) | G55: Anual | H55: 0.0576 | I55: =I54*(1+H55) -> 0 | L55: =D55+J55 -> 0 | M55: =I55+K55 -> 0 | P55: =((O55/O54)-1) -> #DIV/0! | Q55: =IF(DAY(U$11)=0,"",IF(MONTH(U$11)<>MONTH($B55),"",YEAR($B55)-YEAR(U$11))) | R55: Anual | S55: 0.0576 | T55: =T54*(1+S55) -> 0 | W55: =O55+U55 -> 0 | X55: =T55+V55 -> 0 | AA55: =((Z55/Z54)-1) -> #DIV/0! | AB55: =IF(DAY(AF$11)=0,"",IF(MONTH(AF$11)<>MONTH($B55),"",YEAR($B55)-YEAR(AF$11))) | AC55: Anual | AD55: 0.0576 | AE55: =AE54*(1+AD55) -> 0 | AH55: =Z55+AF55 -> 0 | AI55: =AE55+AG55 -> 0 | AL55: =((AK55/AK54)-1) -> #DIV/0! | AM55: =IF(DAY(AQ$11)=0,"",IF(MONTH(AQ$11)<>MONTH($B55),"",YEAR($B55)-YEAR(AQ$11))) | AN55: Anual | AO55: 0.0576 | AP55: =AP54*(1+AO55) -> 0 | AS55: =AK55+AQ55 -> 0 | AT55: =AP55+AR55 -> 0 | AW55: 39264 | AX55: =L55+W55+AH55+AS55 -> 0 | AY55: =((AX55/AX54)-1) -> #DIV/0! | AZ55: =M55+X55+AI55+AT55 -> 0 | BA55: =((AZ55/AZ54)-1) -> #DIV/0! | BC55: 36.377711 | BG55: =((BF55/BF54)-1) -> #DIV/0!
B56: 39295 | E56: =((D56/D55)-1) -> #DIV/0! | F56: =IF(DAY(J$11)=0,"",IF(MONTH(J$11)<>MONTH($B56),"",YEAR($B56)-YEAR(J$11))) | H56: 0 | I56: =I55*(1+H56) -> 0 | L56: =D56+J56 -> 0 | M56: =I56+K56 -> 0 | P56: =((O56/O55)-1) -> #DIV/0! | Q56: =IF(DAY(U$11)=0,"",IF(MONTH(U$11)<>MONTH($B56),"",YEAR($B56)-YEAR(U$11))) | S56: 0 | T56: =T55*(1+S56) -> 0 | W56: =O56+U56 -> 0 | X56: =T56+V56 -> 0 | AA56: =((Z56/Z55)-1) -> #DIV/0! | AB56: =IF(DAY(AF$11)=0,"",IF(MONTH(AF$11)<>MONTH($B56),"",YEAR($B56)-YEAR(AF$11))) | AD56: 0 | AE56: =AE55*(1+AD56) -> 0 | AH56: =Z56+AF56 -> 0 | AI56: =AE56+AG56 -> 0 | AL56: =((AK56/AK55)-1) -> #DIV/0! | AM56: =IF(DAY(AQ$11)=0,"",IF(MONTH(AQ$11)<>MONTH($B56),"",YEAR($B56)-YEAR(AQ$11))) | AO56: 0 | AP56: =AP55*(1+AO56) -> 0 | AS56: =AK56+AQ56 -> 0 | AT56: =AP56+AR56 -> 0 | AW56: 39295 | AX56: =L56+W56+AH56+AS56 -> 0 | AY56: =((AX56/AX55)-1) -> #DIV/0! | AZ56: =M56+X56+AI56+AT56 -> 0 | BA56: =((AZ56/AZ55)-1) -> #DIV/0! | BC56: 36.494119 | BG56: =((BF56/BF55)-1) -> #DIV/0!
B57: 39326 | E57: =((D57/D56)-1) -> #DIV/0! | F57: =IF(DAY(J$11)=0,"",IF(MONTH(J$11)<>MONTH($B57),"",YEAR($B57)-YEAR(J$11))) | H57: 0 | I57: =I56*(1+H57) -> 0 | L57: =D57+J57 -> 0 | M57: =I57+K57 -> 0 | P57: =((O57/O56)-1) -> #DIV/0! | Q57: =IF(DAY(U$11)=0,"",IF(MONTH(U$11)<>MONTH($B57),"",YEAR($B57)-YEAR(U$11))) | S57: 0 | T57: =T56*(1+S57) -> 0 | W57: =O57+U57 -> 0 | X57: =T57+V57 -> 0 | AA57: =((Z57/Z56)-1) -> #DIV/0! | AB57: =IF(DAY(AF$11)=0,"",IF(MONTH(AF$11)<>MONTH($B57),"",YEAR($B57)-YEAR(AF$11))) | AD57: 0 | AE57: =AE56*(1+AD57) -> 0 | AH57: =Z57+AF57 -> 0 | AI57: =AE57+AG57 -> 0 | AL57: =((AK57/AK56)-1) -> #DIV/0! | AM57: =IF(DAY(AQ$11)=0,"",IF(MONTH(AQ$11)<>MONTH($B57),"",YEAR($B57)-YEAR(AQ$11))) | AO57: 0 | AP57: =AP56*(1+AO57) -> 0 | AS57: =AK57+AQ57 -> 0 | AT57: =AP57+AR57 -> 0 | AW57: 39326 | AX57: =L57+W57+AH57+AS57 -> 0 | AY57: =((AX57/AX56)-1) -> #DIV/0! | AZ57: =M57+X57+AI57+AT57 -> 0 | BA57: =((AZ57/AZ56)-1) -> #DIV/0! | BC57: 36.709434 | BG57: =((BF57/BF56)-1) -> #DIV/0!
B58: 39356 | E58: =((D58/D57)-1) -> #DIV/0! | F58: =IF(DAY(J$11)=0,"",IF(MONTH(J$11)<>MONTH($B58),"",YEAR($B58)-YEAR(J$11))) | H58: 0 | I58: =I57*(1+H58) -> 0 | L58: =D58+J58 -> 0 | M58: =I58+K58 -> 0 | P58: =((O58/O57)-1) -> #DIV/0! | Q58: =IF(DAY(U$11)=0,"",IF(MONTH(U$11)<>MONTH($B58),"",YEAR($B58)-YEAR(U$11))) | S58: 0 | T58: =T57*(1+S58) -> 0 | W58: =O58+U58 -> 0 | X58: =T58+V58 -> 0 | AA58: =((Z58/Z57)-1) -> #DIV/0! | AB58: =IF(DAY(AF$11)=0,"",IF(MONTH(AF$11)<>MONTH($B58),"",YEAR($B58)-YEAR(AF$11))) | AD58: 0 | AE58: =AE57*(1+AD58) -> 0 | AH58: =Z58+AF58 -> 0 | AI58: =AE58+AG58 -> 0 | AL58: =((AK58/AK57)-1) -> #DIV/0! | AM58: =IF(DAY(AQ$11)=0,"",IF(MONTH(AQ$11)<>MONTH($B58),"",YEAR($B58)-YEAR(AQ$11))) | AO58: 0 | AP58: =AP57*(1+AO58) -> 0 | AS58: =AK58+AQ58 -> 0 | AT58: =AP58+AR58 -> 0 | AW58: 39356 | AX58: =L58+W58+AH58+AS58 -> 0 | AY58: =((AX58/AX57)-1) -> #DIV/0! | AZ58: =M58+X58+AI58+AT58 -> 0 | BA58: =((AZ58/AZ57)-1) -> #DIV/0! | BC58: 36.801207 | BG58: =((BF58/BF57)-1) -> #DIV/0!
B59: 39387 | E59: =((D59/D58)-1) -> #DIV/0! | F59: =IF(DAY(J$11)=0,"",IF(MONTH(J$11)<>MONTH($B59),"",YEAR($B59)-YEAR(J$11))) | H59: 0 | I59: =I58*(1+H59) -> 0 | L59: =D59+J59 -> 0 | M59: =I59+K59 -> 0 | P59: =((O59/O58)-1) -> #DIV/0! | Q59: =IF(DAY(U$11)=0,"",IF(MONTH(U$11)<>MONTH($B59),"",YEAR($B59)-YEAR(U$11))) | S59: 0 | T59: =T58*(1+S59) -> 0 | W59: =O59+U59 -> 0 | X59: =T59+V59 -> 0 | AA59: =((Z59/Z58)-1) -> #DIV/0! | AB59: =IF(DAY(AF$11)=0,"",IF(MONTH(AF$11)<>MONTH($B59),"",YEAR($B59)-YEAR(AF$11))) | AD59: 0 | AE59: =AE58*(1+AD59) -> 0 | AH59: =Z59+AF59 -> 0 | AI59: =AE59+AG59 -> 0 | AL59: =((AK59/AK58)-1) -> #DIV/0! | AM59: =IF(DAY(AQ$11)=0,"",IF(MONTH(AQ$11)<>MONTH($B59),"",YEAR($B59)-YEAR(AQ$11))) | AO59: 0 | AP59: =AP58*(1+AO59) -> 0 | AS59: =AK59+AQ59 -> 0 | AT59: =AP59+AR59 -> 0 | AW59: 39387 | AX59: =L59+W59+AH59+AS59 -> 0 | AY59: =((AX59/AX58)-1) -> #DIV/0! | AZ59: =M59+X59+AI59+AT59 -> 0 | BA59: =((AZ59/AZ58)-1) -> #DIV/0! | BC59: 36.91161 | BG59: =((BF59/BF58)-1) -> #DIV/0!
B60: 39417 | E60: =((D60/D59)-1) -> #DIV/0! | F60: =IF(DAY(J$11)=0,"",IF(MONTH(J$11)<>MONTH($B60),"",YEAR($B60)-YEAR(J$11))) | H60: 0 | I60: =I59*(1+H60) -> 0 | L60: =D60+J60 -> 0 | M60: =I60+K60 -> 0 | P60: =((O60/O59)-1) -> #DIV/0! | Q60: =IF(DAY(U$11)=0,"",IF(MONTH(U$11)<>MONTH($B60),"",YEAR($B60)-YEAR(U$11))) | S60: 0 | T60: =T59*(1+S60) -> 0 | W60: =O60+U60 -> 0 | X60: =T60+V60 -> 0 | AA60: =((Z60/Z59)-1) -> #DIV/0! | AB60: =IF(DAY(AF$11)=0,"",IF(MONTH(AF$11)<>MONTH($B60),"",YEAR($B60)-YEAR(AF$11))) | AD60: 0 | AE60: =AE59*(1+AD60) -> 0 | AH60: =Z60+AF60 -> 0 | AI60: =AE60+AG60 -> 0 | AL60: =((AK60/AK59)-1) -> #DIV/0! | AM60: =IF(DAY(AQ$11)=0,"",IF(MONTH(AQ$11)<>MONTH($B60),"",YEAR($B60)-YEAR(AQ$11))) | AO60: 0 | AP60: =AP59*(1+AO60) -> 0 | AS60: =AK60+AQ60 -> 0 | AT60: =AP60+AR60 -> 0 | AW60: 39417 | AX60: =L60+W60+AH60+AS60 -> 0 | AY60: =((AX60/AX59)-1) -> #DIV/0! | AZ60: =M60+X60+AI60+AT60 -> 0 | BA60: =((AZ60/AZ59)-1) -> #DIV/0! | BC60: 37.070329 | BG60: =((BF60/BF59)-1) -> #DIV/0!
